track,1,e+,1,0,0.000000,0.000000,-8000.000000,0 ps ,0 eV ,None,-15.616965,0.000000,1005.205449
track,1,e+,1,1,-0.009550,0.000000,-7999.385299,2.05067 ps ,50.0113 eV ,eIoni,-15.616965,0.000000,1005.205449
track,1,e+,1,2,-2.105112,0.069602,-7865.437508,448.907 ps ,25.7483 keV,eIoni,-15.616965,0.000000,1005.205449
track,1,e+,1,3,-2.530988,0.109311,-7838.418507,539.044 ps ,3.11678 keV,eIoni,-15.616965,0.000000,1005.205449
track,1,e+,1,4,-3.997490,0.236465,-7746.003611,847.346 ps ,21.3094 keV,eIoni,-15.616965,0.000000,1005.205449
track,1,e+,1,5,-8.907301,0.679027,-7437.625994,1.87611 ns ,65.2306 keV,eIoni,-15.616965,0.000000,1005.205449
track,1,e+,1,6,-10.327254,0.817778,-7347.839012,2.17565 ns ,16.9258 keV,eIoni,-15.616965,0.000000,1005.205449
track,1,e+,1,7,-10.381818,0.822309,-7344.450347,2.18695 ns ,151.81 eV ,eIoni,-15.616965,0.000000,1005.205449
track,1,e+,1,8,-13.108610,1.034985,-7173.740089,2.75646 ns ,38.3973 keV,eIoni,-15.616965,0.000000,1005.205449
track,1,e+,1,9,-14.546699,1.162926,-7082.384776,3.06122 ns ,20.8137 keV,eIoni,-15.616965,0.000000,1005.205449
track,1,e+,1,10,-15.279085,1.228241,-7035.525204,3.21755 ns ,6.64078 keV,eIoni,-15.616965,0.000000,1005.205449
track,1,e+,1,11,-17.218313,1.430999,-6912.456160,3.62811 ns ,32.8046 keV,eIoni,-15.616965,0.000000,1005.205449
track,1,e+,1,12,-17.802296,1.494300,-6875.229054,3.75231 ns ,8.68323 keV,eIoni,-15.616965,0.000000,1005.205449
track,1,e+,1,13,-21.468507,1.885690,-6640.125995,4.53662 ns ,44.8395 keV,eIoni,-15.616965,0.000000,1005.205449
track,1,e+,1,14,-21.992806,1.943807,-6606.409391,4.6491 ns ,6.47337 keV,eIoni,-15.616965,0.000000,1005.205449
track,1,e+,1,15,-23.563536,2.111421,-6505.000000,4.98741 ns ,21.1252 keV,Transportation,-15.616965,0.000000,1005.205449
track,1,e+,1,16,-23.721896,2.129090,-6495.000000,5.02077 ns ,1.56656 MeV,Transportation,-15.616965,0.000000,1005.205449
track,1,e+,1,17,-24.746032,2.192762,-6420.924002,5.26788 ns ,18.946 keV,eIoni,-15.616965,0.000000,1005.205449
track,1,e+,1,18,-28.328069,2.395200,-6160.399950,6.13698 ns ,49.7072 keV,eIoni,-15.616965,0.000000,1005.205449
track,1,e+,1,19,-29.728492,2.451364,-6058.893431,6.4756 ns ,17.7432 keV,eIoni,-15.616965,0.000000,1005.205449
track,1,e+,1,20,-29.864474,2.455680,-6048.921711,6.50887 ns ,1.62209 keV,eIoni,-15.616965,0.000000,1005.205449
track,1,e+,1,21,-29.996556,2.460729,-6039.286640,6.54101 ns ,1.33329 keV,eIoni,-15.616965,0.000000,1005.205449
track,1,e+,1,22,-30.331794,2.471636,-6014.833135,6.62259 ns ,3.16455 keV,eIoni,-15.616965,0.000000,1005.205449
track,1,e+,1,23,-30.397575,2.473254,-6010.000000,6.63871 ns ,806.105 eV ,Transportation,-15.616965,0.000000,1005.205449
track,1,e+,1,24,-30.532356,2.476276,-6000.100000,6.67173 ns ,1.88804 keV,Transportation,-15.616965,0.000000,1005.205449
track,1,e+,1,25,-30.535097,2.476327,-5999.900000,6.6724 ns ,0 eV ,Transportation,-15.616965,0.000000,1005.205449
track,1,e+,1,26,-30.568418,2.477001,-5997.466784,6.68052 ns ,366.232 eV ,eIoni,-15.616965,0.000000,1005.205449
track,1,e+,1,27,-30.670295,2.479283,-5990.000000,6.70543 ns ,2.16954 keV,Transportation,-15.616965,0.000000,1005.205449
track,1,e+,1,28,-35.036895,2.492493,-5668.925598,7.77652 ns ,64.395 keV,eIoni,-15.616965,0.000000,1005.205449
track,1,e+,1,29,-35.981118,2.500714,-5598.145104,8.01264 ns ,17.479 keV,eIoni,-15.616965,0.000000,1005.205449
track,1,e+,1,30,-37.165091,2.514708,-5510.000000,8.30668 ns ,12.3017 keV,Transportation,-15.616965,0.000000,1005.205449
track,1,e+,1,31,-37.296323,2.515061,-5500.100000,8.33971 ns ,2.74336 keV,Transportation,-15.616965,0.000000,1005.205449
track,1,e+,1,32,-37.298987,2.515073,-5499.900000,8.34038 ns ,26.7026 eV ,Transportation,-15.616965,0.000000,1005.205449
track,1,e+,1,33,-37.430712,2.515718,-5490.000000,8.3734 ns ,2.74603 keV,Transportation,-15.616965,0.000000,1005.205449
track,1,e+,1,34,-39.164502,2.519456,-5359.284976,8.80946 ns ,21.7713 keV,eIoni,-15.616965,0.000000,1005.205449
track,1,e+,1,35,-40.318315,2.511903,-5273.322489,9.09622 ns ,15.1887 keV,eIoni,-15.616965,0.000000,1005.205449
track,1,e+,1,36,-43.594809,2.672969,-5027.279747,9.91701 ns ,44.593 keV,eIoni,-15.616965,0.000000,1005.205449
track,1,e+,1,37,-43.802375,2.688284,-5011.590612,9.96935 ns ,6.14234 keV,eIoni,-15.616965,0.000000,1005.205449
track,1,e+,1,38,-43.823312,2.689822,-5010.000000,9.97465 ns ,254.694 eV ,Transportation,-15.616965,0.000000,1005.205449
track,1,e+,1,39,-43.953619,2.699389,-5000.100000,10.0077 ns ,4.29067 keV,Transportation,-15.616965,0.000000,1005.205449
track,1,e+,1,40,-43.956206,2.699595,-4999.900000,10.0083 ns ,0 eV ,Transportation,-15.616965,0.000000,1005.205449
track,1,e+,1,41,-44.008795,2.703742,-4995.843523,10.0219 ns ,1.27256 keV,eIoni,-15.616965,0.000000,1005.205449
track,1,e+,1,42,-44.084632,2.711553,-4990.000000,10.0414 ns ,1.29952 keV,Transportation,-15.616965,0.000000,1005.205449
track,1,e+,1,43,-44.366250,2.741841,-4968.330780,10.1137 ns ,6.90764 keV,eBrem,-15.616965,0.000000,1005.205449
track,1,e+,1,44,-45.328510,2.884968,-4894.368828,10.3604 ns ,16.1373 keV,eIoni,-15.616965,0.000000,1005.205449
track,1,e+,1,45,-46.075603,2.996989,-4836.465140,10.5536 ns ,12.3415 keV,eIoni,-15.616965,0.000000,1005.205449
track,1,e+,1,46,-46.583280,3.076089,-4797.327614,10.6841 ns ,5.67617 keV,eIoni,-15.616965,0.000000,1005.205449
track,1,e+,1,47,-47.030930,3.148032,-4763.049949,10.7985 ns ,8.32307 keV,eBrem,-15.616965,0.000000,1005.205449
track,1,e+,1,48,-49.549751,3.479748,-4571.526435,11.4374 ns ,36.0533 keV,eIoni,-15.616965,0.000000,1005.205449
track,1,e+,1,49,-50.349069,3.576545,-4510.000000,11.6426 ns ,16.6206 keV,Transportation,-15.616965,0.000000,1005.205449
track,1,e+,1,50,-50.476415,3.590085,-4500.100000,11.6756 ns ,2.75064 keV,Transportation,-15.616965,0.000000,1005.205449
track,1,e+,1,51,-50.479000,3.590330,-4499.900000,11.6763 ns ,28.0358 eV ,Transportation,-15.616965,0.000000,1005.205449
track,1,e+,1,52,-50.606949,3.602447,-4490.000000,11.7093 ns ,1.94227 keV,Transportation,-15.616965,0.000000,1005.205449
track,1,e+,1,53,-52.442536,3.775199,-4343.292360,12.1987 ns ,27.8731 keV,eIoni,-15.616965,0.000000,1005.205449
track,1,e+,1,54,-52.526612,3.783717,-4336.449711,12.2216 ns ,505.102 eV ,eIoni,-15.616965,0.000000,1005.205449
track,1,e+,1,55,-54.288038,3.958113,-4194.374023,12.6955 ns ,28.5139 keV,eIoni,-15.616965,0.000000,1005.205449
track,1,e+,1,56,-54.373081,3.966206,-4187.421979,12.7187 ns ,541.188 eV ,eIoni,-15.616965,0.000000,1005.205449
track,1,e+,1,57,-54.984622,4.024671,-4137.491747,12.8853 ns ,11.2308 keV,eIoni,-15.616965,0.000000,1005.205449
track,1,e+,1,58,-55.294717,4.057727,-4112.102885,12.97 ns ,5.6364 keV,eIoni,-15.616965,0.000000,1005.205449
track,1,e+,1,59,-55.876175,4.128974,-4063.645738,13.1316 ns ,8.74921 keV,eIoni,-15.616965,0.000000,1005.205449
track,1,e+,1,60,-56.522192,4.202417,-4010.000000,13.3106 ns ,9.26056 keV,Transportation,-15.616965,0.000000,1005.205449
track,1,e+,1,61,-56.644059,4.216433,-4000.100000,13.3436 ns ,1.93719 keV,Transportation,-15.616965,0.000000,1005.205449
track,1,e+,1,62,-56.646527,4.216738,-3999.900000,13.3443 ns ,0 eV ,Transportation,-15.616965,0.000000,1005.205449
track,1,e+,1,63,-56.768692,4.231831,-3990.000000,13.3773 ns ,1.51568 keV,Transportation,-15.616965,0.000000,1005.205449
track,1,e+,1,64,-58.432307,4.449130,-3854.692194,13.8287 ns ,30.426 keV,eIoni,-15.616965,0.000000,1005.205449
track,1,e+,1,65,-59.776112,4.618519,-3744.034927,14.1978 ns ,28.3176 keV,eIoni,-15.616965,0.000000,1005.205449
track,1,e+,1,66,-61.678675,4.913946,-3586.866763,14.7221 ns ,30.9625 keV,eIoni,-15.616965,0.000000,1005.205449
track,1,e+,1,67,-61.924788,4.976603,-3568.145961,14.7845 ns ,2.03349 keV,eIoni,-15.616965,0.000000,1005.205449
track,1,e+,1,68,-62.011283,4.998617,-3561.576035,14.8065 ns ,1.83984 keV,eIoni,-15.616965,0.000000,1005.205449
track,1,e+,1,69,-63.516330,5.362291,-3447.052418,15.1885 ns ,23.5852 keV,eIoni,-15.616965,0.000000,1005.205449
track,1,e+,1,70,-64.685057,5.611623,-3358.368115,15.4844 ns ,20.5643 keV,eIoni,-15.616965,0.000000,1005.205449
track,1,e+,1,71,-65.374697,5.759177,-3306.012940,15.659 ns ,6.89944 keV,eIoni,-15.616965,0.000000,1005.205449
track,1,e+,1,72,-66.337657,5.983278,-3233.506516,15.9009 ns ,12.7585 keV,eIoni,-15.616965,0.000000,1005.205449
track,1,e+,1,73,-66.813485,6.093741,-3198.440843,16.0179 ns ,7.6902 keV,eIoni,-15.616965,0.000000,1005.205449
track,1,e+,1,74,-66.994428,6.135373,-3185.032893,16.0626 ns ,1.99194 keV,eIoni,-15.616965,0.000000,1005.205449
track,1,e+,1,75,-68.871237,6.567149,-3045.037542,16.5296 ns ,28.2596 keV,eIoni,-15.616965,0.000000,1005.205449
track,1,e+,1,76,-71.381232,7.230534,-2851.560587,17.175 ns ,39.3414 keV,eIoni,-15.616965,0.000000,1005.205449
track,1,e+,1,77,-77.007980,9.033267,-2397.909635,18.6884 ns ,96.7562 keV,eIoni,-15.616965,0.000000,1005.205449
track,1,e+,1,78,-77.503039,9.213271,-2357.271000,18.824 ns ,5.5326 keV,eIoni,-15.616965,0.000000,1005.205449
track,1,e+,1,79,-78.121147,9.425658,-2306.772625,18.9924 ns ,8.40631 keV,eIoni,-15.616965,0.000000,1005.205449
track,1,e+,1,80,-81.903309,10.640806,-2000.000000,20.0158 ns ,59.3369 keV,Transportation,-15.616965,0.000000,1005.205449
track,1,e+,1,81,-83.523587,11.456537,-1869.865911,20.4499 ns ,34.3354 keV,eIoni,-15.616965,0.000000,1005.205449
track,1,e+,1,82,-83.939480,11.670733,-1836.685280,20.5606 ns ,4.48573 keV,eIoni,-15.616965,0.000000,1005.205449
track,1,e+,1,83,-86.414679,12.854418,-1641.531134,21.2116 ns ,38.7002 keV,eIoni,-15.616965,0.000000,1005.205449
track,1,e+,1,84,-87.765348,13.416521,-1539.094963,21.5533 ns ,18.7709 keV,eIoni,-15.616965,0.000000,1005.205449
track,1,e+,1,85,-89.917250,14.314791,-1377.221589,22.0934 ns ,38.3273 keV,eIoni,-15.616965,0.000000,1005.205449
track,1,e+,1,86,-90.226324,14.445657,-1353.955721,22.171 ns ,7.87739 keV,eIoni,-15.616965,0.000000,1005.205449
track,1,e+,1,87,-91.848635,15.166286,-1230.254338,22.5836 ns ,27.1474 keV,eIoni,-15.616965,0.000000,1005.205449
track,1,e+,1,88,-92.201670,15.327094,-1202.502035,22.6762 ns ,5.53802 keV,eIoni,-15.616965,0.000000,1005.205449
track,1,e+,1,89,-92.231795,15.340853,-1200.115095,22.6842 ns ,649.494 eV ,eIoni,-15.616965,0.000000,1005.205449
track,1,e+,1,90,-93.672853,16.002516,-1088.239817,23.0574 ns ,16.5014 keV,eIoni,-15.616965,0.000000,1005.205449
track,1,e+,1,91,-94.887545,16.575789,-995.487998,23.3668 ns ,19.8036 keV,Transportation,-15.616965,0.000000,1005.205449
track,1,e+,1,92,-95.529280,16.770217,-964.846546,23.469 ns ,5.8315 keV,eIoni,-15.616965,0.000000,1005.205449
track,1,e+,1,93,-98.693832,17.202088,-897.485503,23.694 ns ,12.8258 keV,eIoni,-15.616965,0.000000,1005.205449
track,1,e+,1,94,-101.233894,17.410886,-863.141229,23.8089 ns ,4.75047 keV,eIoni,-15.616965,0.000000,1005.205449
track,1,e+,1,95,-103.669999,17.571929,-836.089706,23.8995 ns ,5.75445 keV,eIoni,-15.616965,0.000000,1005.205449
track,1,e+,1,96,-113.949857,18.072574,-750.497403,24.1871 ns ,14.4294 keV,eIoni,-15.616965,0.000000,1005.205449
track,1,e+,1,97,-131.892266,18.674229,-645.911416,24.5411 ns ,19.7855 keV,eIoni,-15.616965,0.000000,1005.205449
track,1,e+,1,98,-168.867587,19.479391,-494.112768,25.0624 ns ,30.5371 keV,eIoni,-15.616965,0.000000,1005.205449
track,1,e+,1,99,-179.760514,19.659746,-457.603515,25.1895 ns ,8.07616 keV,eIoni,-15.616965,0.000000,1005.205449
track,1,e+,1,100,-189.155903,19.810104,-428.080524,25.2928 ns ,3.82488 keV,eIoni,-15.616965,0.000000,1005.205449
track,1,e+,1,101,-290.972421,21.179308,-178.416772,26.193 ns ,49.0184 keV,eIoni,-15.616965,0.000000,1005.205449
track,1,e+,1,102,-331.559363,21.644749,-100.666324,26.4856 ns ,16.5369 keV,eIoni,-15.616965,0.000000,1005.205449
track,1,e+,1,103,-409.894041,22.431676,28.858773,26.9906 ns ,30.0386 keV,eIoni,-15.616965,0.000000,1005.205449
track,1,e+,1,104,-470.521210,22.986890,115.244951,27.3427 ns ,18.6445 keV,eIoni,-15.616965,0.000000,1005.205449
track,1,e+,1,105,-519.606460,23.432495,178.445707,27.6097 ns ,14.7379 keV,eIoni,-15.616965,0.000000,1005.205449
track,1,e+,1,106,-530.929114,23.535256,192.279940,27.6693 ns ,4.03572 keV,eIoni,-15.616965,0.000000,1005.205449
track,1,e+,1,107,-559.244159,23.786139,225.750358,27.8155 ns ,8.67853 keV,eIoni,-15.616965,0.000000,1005.205449
track,1,e+,1,108,-700.756275,24.912804,372.594276,28.4961 ns ,37.5029 keV,eIoni,-15.616965,0.000000,1005.205449
track,1,e+,1,109,-801.388050,25.663846,460.019029,28.9409 ns ,25.3039 keV,eIoni,-15.616965,0.000000,1005.205449
track,1,e+,1,110,-817.572267,25.781708,472.966699,29.01 ns ,4.17308 keV,eIoni,-15.616965,0.000000,1005.205449
track,1,e+,1,111,-861.552106,26.097640,506.733297,29.1949 ns ,9.07479 keV,eIoni,-15.616965,0.000000,1005.205449
track,1,e+,1,112,-861.935158,26.100468,507.018524,29.1965 ns ,0 eV ,Transportation,-15.616965,0.000000,1005.205449
track,1,e+,1,113,-1128.921590,28.121785,705.671399,30.3066 ns ,69.5843 keV,eIoni,-15.616965,0.000000,1005.205449
track,1,e+,1,114,-1131.740625,28.143745,707.768808,30.3183 ns ,416.259 eV ,eIoni,-15.616965,0.000000,1005.205449
track,1,e+,1,115,-1135.554502,28.173746,710.606285,30.3342 ns ,760.428 eV ,eIoni,-15.616965,0.000000,1005.205449
track,1,e+,1,116,-1232.148474,28.970223,782.442616,30.7357 ns ,24.5056 keV,eIoni,-15.616965,0.000000,1005.205449
track,1,e+,1,117,-1285.885368,29.417661,822.383950,30.9591 ns ,15.9595 keV,eIoni,-15.616965,0.000000,1005.205449
track,1,e+,1,118,-1347.317398,29.928491,868.050123,31.2144 ns ,19.2198 keV,eIoni,-15.616965,0.000000,1005.205449
track,1,e+,1,119,-1350.644870,29.956031,870.523915,31.2282 ns ,405.123 eV ,eIoni,-15.616965,0.000000,1005.205449
track,1,e+,1,120,-1412.521394,30.467178,916.531201,31.4854 ns ,17.7248 keV,Transportation,-15.616965,0.000000,1005.205449
track,1,e+,1,121,-1562.169356,31.705476,1027.687805,32.1073 ns ,31.5361 keV,eIoni,-15.616965,0.000000,1005.205449
track,1,e+,1,122,-1589.155094,31.920677,1047.729949,32.2194 ns ,6.25234 keV,eIoni,-15.616965,0.000000,1005.205449
track,1,e+,1,123,-1610.208652,32.089742,1063.362800,32.3069 ns ,4.80781 keV,eIoni,-15.616965,0.000000,1005.205449
track,1,e+,1,124,-1715.584821,32.962455,1141.602700,32.7447 ns ,20.3646 keV,eIoni,-15.616965,0.000000,1005.205449
track,1,e+,1,125,-1759.446464,33.337756,1174.182798,32.9269 ns ,10.661 keV,eIoni,-15.616965,0.000000,1005.205449
track,1,e+,1,126,-2050.607893,36.027182,1390.356781,34.1366 ns ,73.8112 keV,eIoni,-15.616965,0.000000,1005.205449
track,1,e+,1,127,-2079.030983,36.298691,1411.432166,34.2546 ns ,5.6073 keV,eIoni,-15.616965,0.000000,1005.205449
track,1,e+,1,128,-2277.571741,38.314633,1558.488628,35.0788 ns ,50.0531 keV,eIoni,-15.616965,0.000000,1005.205449
track,1,e+,1,129,-2278.906337,38.329004,1559.477154,35.0843 ns ,191.944 eV ,Transportation,-15.616965,0.000000,1005.205449
track,1,e+,1,130,-2287.579383,38.422276,1565.901303,35.1203 ns ,1.95982 keV,Transportation,-15.616965,0.000000,1005.205449
track,1,e+,1,131,-2287.754611,38.424199,1566.031075,35.1211 ns ,83.2791 eV ,Transportation,-15.616965,0.000000,1005.205449
track,1,e+,1,132,-2296.428407,38.519372,1572.454792,35.1571 ns ,3.72799 keV,Transportation,-15.616965,0.000000,1005.205449
track,1,e+,1,133,-2303.971468,38.600537,1578.041446,35.1884 ns ,1.9385 keV,eIoni,-15.616965,0.000000,1005.205449
track,1,e+,1,134,-2345.981076,39.054555,1609.131257,35.3627 ns ,8.89884 keV,eIoni,-15.616965,0.000000,1005.205449
track,1,e+,1,135,-2364.834237,39.260198,1623.078040,35.4409 ns ,4.96361 keV,eIoni,-15.616965,0.000000,1005.205449
track,1,e+,1,136,-2500.504799,40.809070,1723.434572,36.0039 ns ,38.7254 keV,eIoni,-15.616965,0.000000,1005.205449
track,1,e+,1,137,-2501.987762,40.825937,1724.532050,36.01 ns ,562.732 eV ,eIoni,-15.616965,0.000000,1005.205449
track,1,e+,1,138,-2569.905420,41.609577,1774.791421,36.2919 ns ,18.0301 keV,eIoni,-15.616965,0.000000,1005.205449
track,1,e+,1,139,-2570.122074,41.612064,1774.951789,36.2928 ns ,113.634 eV ,eIoni,-15.616965,0.000000,1005.205449
track,1,e+,1,140,-2627.544946,42.280727,1817.470166,36.5311 ns ,16.6877 keV,eIoni,-15.616965,0.000000,1005.205449
track,1,e+,1,141,-2635.624790,42.372093,1823.454432,36.5647 ns ,1.04372 keV,eIoni,-15.616965,0.000000,1005.205449
track,1,e+,1,142,-2717.122564,43.311402,1883.823166,36.903 ns ,17.4306 keV,Transportation,-15.616965,0.000000,1005.205449
track,1,e+,1,143,-2725.789774,43.409190,1890.250686,36.939 ns ,2.73187 keV,Transportation,-15.616965,0.000000,1005.205449
track,1,e+,1,144,-2725.964876,43.411199,1890.380530,36.9397 ns ,30.7741 eV ,Transportation,-15.616965,0.000000,1005.205449
track,1,e+,1,145,-2734.632441,43.510624,1896.807845,36.9757 ns ,2.59103 keV,Transportation,-15.616965,0.000000,1005.205449
track,1,e+,1,146,-2888.312998,45.287213,2010.833478,37.614 ns ,41.3422 keV,eIoni,-15.616965,0.000000,1005.205449
track,1,e+,1,147,-2894.450749,45.358285,2015.391874,37.6395 ns ,2.1504 keV,eIoni,-15.616965,0.000000,1005.205449
track,1,e+,1,148,-2916.490999,45.613288,2031.757676,37.7311 ns ,8.10615 keV,eIoni,-15.616965,0.000000,1005.205449
track,1,e+,1,149,-3043.525535,47.087728,2126.019721,38.2588 ns ,28.7325 keV,eIoni,-15.616965,0.000000,1005.205449
track,1,e+,1,150,-3073.508376,47.428013,2148.275137,38.3833 ns ,6.08901 keV,eIoni,-15.616965,0.000000,1005.205449
track,1,e+,1,151,-3100.994135,47.736654,2168.680739,38.4975 ns ,5.28239 keV,eIoni,-15.616965,0.000000,1005.205449
track,1,e+,1,152,-3124.948928,48.006238,2186.453618,38.597 ns ,5.77563 keV,eIoni,-15.616965,0.000000,1005.205449
track,1,e+,1,153,-3129.656703,48.059498,2189.945570,38.6166 ns ,1.26444 keV,eIoni,-15.616965,0.000000,1005.205449
track,1,e+,1,154,-3147.769760,48.265673,2203.380367,38.6918 ns ,2.8903 keV,eIoni,-15.616965,0.000000,1005.205449
track,1,e+,1,155,-3189.442325,48.752215,2234.302971,38.8649 ns ,10.3649 keV,eIoni,-15.616965,0.000000,1005.205449
track,1,e+,1,156,-3206.978840,48.961019,2247.319221,38.9378 ns ,4.43772 keV,eIoni,-15.616965,0.000000,1005.205449
track,1,e+,1,157,-3241.253326,49.368563,2272.759825,39.0802 ns ,8.84345 keV,eIoni,-15.616965,0.000000,1005.205449
track,1,e+,1,158,-3246.074428,49.425788,2276.338367,39.1002 ns ,1.3064 keV,eIoni,-15.616965,0.000000,1005.205449
track,1,e+,1,159,-3276.073512,49.778723,2298.616446,39.2248 ns ,5.68344 keV,eIoni,-15.616965,0.000000,1005.205449
track,1,e+,1,160,-3445.846166,51.752090,2424.697528,39.9302 ns ,44.5496 keV,eIoni,-15.616965,0.000000,1005.205449
track,1,e+,1,161,-3518.408699,52.579330,2478.519539,40.2316 ns ,19.0078 keV,eIoni,-15.616965,0.000000,1005.205449
track,1,e+,1,162,-3556.138503,53.007912,2506.508951,40.3883 ns ,7.56552 keV,eIoni,-15.616965,0.000000,1005.205449
track,1,e+,1,163,-3584.098777,53.328363,2527.249926,40.5045 ns ,5.99095 keV,eIoni,-15.616965,0.000000,1005.205449
track,1,e+,1,164,-3745.890707,55.181197,2647.319127,41.1765 ns ,37.0229 keV,eIoni,-15.616965,0.000000,1005.205449
track,1,e+,1,165,-3875.502731,56.647656,2743.607968,41.7152 ns ,37.0875 keV,eIoni,-15.616965,0.000000,1005.205449
track,1,e+,1,166,-3906.896348,57.003746,2766.942975,41.8456 ns ,7.96919 keV,Transportation,-15.616965,0.000000,1005.205449
track,1,e+,1,167,-3938.404609,57.356571,2790.353266,41.9766 ns ,10.1339 keV,eIoni,-15.616965,0.000000,1005.205449
track,1,e+,1,168,-4298.845723,61.379768,3058.084547,43.4743 ns ,91.5014 keV,eIoni,-15.616965,0.000000,1005.205449
track,1,e+,1,169,-4373.667029,62.216717,3113.580310,43.7851 ns ,20.9486 keV,eIoni,-15.616965,0.000000,1005.205449
track,1,e+,1,170,-4385.833804,62.359361,3122.602118,43.8356 ns ,1.99761 keV,eIoni,-15.616965,0.000000,1005.205449
track,1,e+,1,171,-4414.144758,62.690981,3143.596780,43.9532 ns ,4.85959 keV,eIoni,-15.616965,0.000000,1005.205449
track,1,e+,1,172,-4418.960271,62.746694,3147.167922,43.9732 ns ,615.137 eV ,eIoni,-15.616965,0.000000,1005.205449
track,1,e+,1,173,-4474.856148,63.430187,3188.626467,44.2053 ns ,15.5243 keV,eIoni,-15.616965,0.000000,1005.205449
track,1,e+,1,174,-4512.242583,63.899385,3216.384293,44.3607 ns ,10.9246 keV,eIoni,-15.616965,0.000000,1005.205449
track,1,e+,1,175,-4589.441423,64.863027,3273.707183,44.6814 ns ,15.8448 keV,eIoni,-15.616965,0.000000,1005.205449
track,1,e+,1,176,-4784.345587,67.332415,3418.486790,45.4913 ns ,49.1863 keV,eIoni,-15.616965,0.000000,1005.205449
track,1,e+,1,177,-4786.618132,67.360800,3420.175299,45.5008 ns ,395.83 eV ,eIoni,-15.616965,0.000000,1005.205449
track,1,e+,1,178,-4878.406783,68.454159,3488.359635,45.8822 ns ,20.7892 keV,eIoni,-15.616965,0.000000,1005.205449
track,1,e+,1,179,-4942.779032,69.229517,3536.229590,46.1498 ns ,14.4203 keV,eIoni,-15.616965,0.000000,1005.205449
track,1,e+,1,180,-5142.083642,71.617103,3684.458400,46.9783 ns ,46.2742 keV,eIoni,-15.616965,0.000000,1005.205449
track,1,e+,1,181,-5185.762408,72.164409,3716.911997,47.1599 ns ,11.3555 keV,eIoni,-15.616965,0.000000,1005.205449
track,1,e+,1,182,-5277.640874,73.365300,3785.123644,47.5416 ns ,23.1918 keV,eIoni,-15.616965,0.000000,1005.205449
track,1,e+,1,183,-5295.240610,73.600685,3798.187947,47.6147 ns ,1.52454 keV,eIoni,-15.616965,0.000000,1005.205449
track,1,e+,1,184,-5309.789970,73.794500,3808.988895,47.6751 ns ,3.28747 keV,eIoni,-15.616965,0.000000,1005.205449
track,1,e+,1,185,-5504.267587,76.360480,3953.369782,48.4831 ns ,53.2502 keV,eIoni,-15.616965,0.000000,1005.205449
track,1,e+,1,186,-5549.859511,76.953092,3987.223376,48.6726 ns ,9.63175 keV,eIoni,-15.616965,0.000000,1005.205449
track,1,e+,1,187,-5560.849774,77.094012,3995.387532,48.7182 ns ,1.54405 keV,eIoni,-15.616965,0.000000,1005.205449
track,1,e+,1,188,-5637.330209,78.091588,4052.222289,49.0361 ns ,23.0808 keV,eIoni,-15.616965,0.000000,1005.205449
track,1,e+,1,189,-5695.128979,78.895708,4095.175082,49.2763 ns ,12.9185 keV,eIoni,-15.616965,0.000000,1005.205449
track,1,e+,1,190,-5697.132987,78.923703,4096.664202,49.2846 ns ,127.349 eV ,eIoni,-15.616965,0.000000,1005.205449
track,1,e+,1,191,-5710.193966,79.104448,4106.367093,49.3389 ns ,1.64362 keV,eIoni,-15.616965,0.000000,1005.205449
track,1,e+,1,192,-5935.933148,82.148438,4274.116646,50.2771 ns ,63.8221 keV,eIoni,-15.616965,0.000000,1005.205449
track,1,e+,1,193,-5995.649024,82.946364,4318.464597,50.5252 ns ,14.8325 keV,eIoni,-15.616965,0.000000,1005.205449
track,1,e+,1,194,-6002.538816,83.038034,4323.581696,50.5538 ns ,1.34839 keV,eIoni,-15.616965,0.000000,1005.205449
track,1,e+,1,195,-6021.161398,83.287029,4337.413886,50.6312 ns ,5.06113 keV,eIoni,-15.616965,0.000000,1005.205449
track,1,e+,1,196,-6151.568562,85.075142,4434.350130,51.1733 ns ,35.5013 keV,eIoni,-15.616965,0.000000,1005.205449
track,1,e+,1,197,-6240.789432,86.284809,4500.677961,51.5441 ns ,19.5652 keV,eIoni,-15.616965,0.000000,1005.205449
track,1,e+,1,198,-6372.016458,87.926479,4598.313420,52.0898 ns ,33.5383 keV,eIoni,-15.616965,0.000000,1005.205449
track,1,e+,1,199,-6422.563341,88.551719,4635.947967,52.3 ns ,10.0225 keV,eIoni,-15.616965,0.000000,1005.205449
track,1,e+,1,200,-6444.691079,88.818390,4652.421891,52.392 ns ,6.42766 keV,eIoni,-15.616965,0.000000,1005.205449
track,1,e+,1,201,-6588.026797,90.484259,4759.194972,52.9882 ns ,30.9795 keV,eIoni,-15.616965,0.000000,1005.205449
track,1,e+,1,202,-6591.827255,90.526159,4762.028290,53.004 ns ,1.13289 keV,eIoni,-15.616965,0.000000,1005.205449
track,1,e+,1,203,-6730.626493,92.024470,4865.540470,53.5816 ns ,30.9141 keV,eIoni,-15.616965,0.000000,1005.205449
track,1,e+,1,204,-6942.540507,94.364011,5023.697484,54.4637 ns ,46.6612 keV,eIoni,-15.616965,0.000000,1005.205449
track,1,e+,1,205,-6973.828625,94.679486,5047.050604,54.5939 ns ,6.80494 keV,eIoni,-15.616965,0.000000,1005.205449
track,1,e+,1,206,-6998.982429,94.927781,5065.834447,54.6986 ns ,5.84957 keV,eIoni,-15.616965,0.000000,1005.205449
track,1,e+,1,207,-7028.776971,95.234880,5088.091849,54.8227 ns ,7.55865 keV,eIoni,-15.616965,0.000000,1005.205449
track,1,e+,1,208,-7039.825441,95.350083,5096.343324,54.8687 ns ,3.0077 keV,eIoni,-15.616965,0.000000,1005.205449
track,1,e+,1,209,-7083.930493,95.812008,5129.299067,55.0523 ns ,14.8466 keV,eIoni,-15.616965,0.000000,1005.205449
track,1,e+,1,210,-7178.252733,96.834564,5199.763315,55.4451 ns ,19.0396 keV,eIoni,-15.616965,0.000000,1005.205449
track,1,e+,1,211,-7327.435436,98.446640,5311.070406,56.066 ns ,32.3699 keV,eIoni,-15.616965,0.000000,1005.205449
track,1,e+,1,212,-7375.938714,98.989572,5347.240404,56.2678 ns ,12.2606 keV,eIoni,-15.616965,0.000000,1005.205449
track,1,e+,1,213,-7506.446210,100.376422,5444.567078,56.8109 ns ,31.3094 keV,eIoni,-15.616965,0.000000,1005.205449
track,1,e+,1,214,-7507.779084,100.390455,5445.561234,56.8164 ns ,53.4283 eV ,eIoni,-15.616965,0.000000,1005.205449
track,1,e+,1,215,-7596.088336,101.330734,5511.473403,57.184 ns ,23.9293 keV,eIoni,-15.616965,0.000000,1005.205449
track,1,e+,1,216,-7741.318500,102.953544,5619.959522,57.7887 ns ,41.6935 keV,eIoni,-15.616965,0.000000,1005.205449
track,1,e+,1,217,-7756.251510,103.123304,5631.119555,57.8509 ns ,4.27287 keV,eIoni,-15.616965,0.000000,1005.205449
track,1,e+,1,218,-7814.160813,103.802965,5674.409692,58.0921 ns ,13.7501 keV,eIoni,-15.616965,0.000000,1005.205449
track,1,e+,1,219,-8038.566702,106.497529,5842.200057,59.0268 ns ,55.958 keV,eIoni,-15.616965,0.000000,1005.205449
track,1,e+,1,220,-8253.668102,109.148121,6003.081977,59.9228 ns ,51.9327 keV,eIoni,-15.616965,0.000000,1005.205449
track,1,e+,1,221,-8340.993423,110.261050,6068.414394,60.2866 ns ,22.896 keV,eIoni,-15.616965,0.000000,1005.205449
track,1,e+,1,222,-8374.006339,110.674619,6093.109314,60.4241 ns ,5.5756 keV,eIoni,-15.616965,0.000000,1005.205449
track,1,e+,1,223,-8374.549621,110.681392,6093.515610,60.4264 ns ,54.7234 eV ,eIoni,-15.616965,0.000000,1005.205449
track,1,e+,1,224,-8542.799766,112.751564,6219.327700,61.1272 ns ,37.4727 keV,eIoni,-15.616965,0.000000,1005.205449
track,1,e+,1,225,-8584.238863,113.247119,6250.309849,61.2998 ns ,10.4875 keV,eIoni,-15.616965,0.000000,1005.205449
track,1,e+,1,226,-8826.586370,115.944805,6431.603033,62.3094 ns ,57.1079 keV,eIoni,-15.616965,0.000000,1005.205449
track,1,e+,1,227,-8880.099045,116.470474,6471.632340,62.5323 ns ,11.2812 keV,eIoni,-15.616965,0.000000,1005.205449
track,1,e+,1,228,-8910.277576,116.770725,6494.206072,62.658 ns ,8.48713 keV,eIoni,-15.616965,0.000000,1005.205449
track,1,e+,1,229,-8930.322467,116.971359,6509.202617,62.7415 ns ,5.67825 keV,eIoni,-15.616965,0.000000,1005.205449
track,1,e+,1,230,-9112.681077,118.771369,6645.639804,63.5012 ns ,39.6964 keV,eIoni,-15.616965,0.000000,1005.205449
track,1,e+,1,231,-9217.012688,119.731124,6723.679494,63.9358 ns ,24.7201 keV,eIoni,-15.616965,0.000000,1005.205449
track,1,e+,1,232,-9231.130010,119.861368,6734.241235,63.9947 ns ,4.95486 keV,eIoni,-15.616965,0.000000,1005.205449
track,1,e+,1,233,-9302.675856,120.514764,6787.772498,64.2927 ns ,15.7327 keV,eIoni,-15.616965,0.000000,1005.205449
track,1,e+,1,234,-9344.178798,120.920291,6818.832448,64.4656 ns ,8.45164 keV,eIoni,-15.616965,0.000000,1005.205449
track,1,e+,1,235,-9396.799542,121.443282,6858.223993,64.6849 ns ,10.5064 keV,eIoni,-15.616965,0.000000,1005.205449
track,1,e+,1,236,-9401.788122,121.492527,6861.957864,64.7057 ns ,1.30402 keV,eIoni,-15.616965,0.000000,1005.205449
track,1,e+,1,237,-9422.330785,121.696263,6877.330744,64.7913 ns ,4.58863 keV,eIoni,-15.616965,0.000000,1005.205449
track,1,e+,1,238,-9502.488324,122.485437,6937.312375,65.1252 ns ,19.695 keV,eIoni,-15.616965,0.000000,1005.205449
track,1,e+,1,239,-9530.807621,122.768442,6958.496923,65.2432 ns ,9.84431 keV,eIoni,-15.616965,0.000000,1005.205449
track,1,e+,1,240,-9686.379464,124.293153,7074.891120,65.8913 ns ,32.8168 keV,eIoni,-15.616965,0.000000,1005.205449
track,1,e+,1,241,-9746.883888,124.920046,7120.175436,66.1434 ns ,17.1104 keV,eIoni,-15.616965,0.000000,1005.205449
track,1,e+,1,242,-10000.000000,127.633126,7309.646792,67.1981 ns ,61.4151 keV,Transportation,-15.616965,0.000000,1005.205449
track,207,e-,-1,0,-9746.883888,124.920046,7120.175436,66.1434 ns ,0 eV ,None,0.002355,0.037374,0.004936
track,207,e-,-1,1,-9746.881627,124.955931,7120.180175,66.1451 ns ,1.39414 keV,eIoni,0.002355,0.037374,0.004936
track,206,e-,-1,0,-9686.379464,124.293153,7074.891120,65.8913 ns ,0 eV ,None,-0.016258,0.023661,-0.020036
track,206,e-,-1,1,-9686.392616,124.312294,7074.874911,65.8927 ns ,1.19787 keV,eIoni,-0.016258,0.023661,-0.020036
track,205,e-,-1,0,-9530.807621,122.768442,6958.496923,65.2432 ns ,0 eV ,None,-0.016594,-0.026684,-0.019586
track,205,e-,-1,1,-9530.822851,122.743951,6958.478947,65.2448 ns ,1.33972 keV,eIoni,-0.016594,-0.026684,-0.019586
track,204,e-,-1,0,-9502.488324,122.485437,6937.312375,65.1252 ns ,0 eV ,None,0.016394,0.015555,0.023441
track,204,e-,-1,1,-9502.477030,122.496153,6937.328523,65.1264 ns ,1.03632 keV,eIoni,0.016394,0.015555,0.023441
track,203,e-,-1,0,-9422.330785,121.696263,6877.330744,64.7913 ns ,0 eV ,None,-0.031655,0.011228,-0.038226
track,203,e-,-1,1,-9422.391662,121.717856,6877.257229,64.7946 ns ,2.52731 keV,eIoni,-0.031655,0.011228,-0.038226
track,202,e-,-1,0,-9401.788122,121.492527,6861.957864,64.7057 ns ,0 eV ,None,-0.015962,0.019800,-0.019885
track,202,e-,-1,1,-9401.798915,121.505915,6861.944419,64.7068 ns ,1.01879 keV,eIoni,-0.015962,0.019800,-0.019885
track,201,e-,-1,0,-9396.799542,121.443282,6858.223993,64.6849 ns ,0 eV ,None,0.035978,0.027253,0.056134
track,201,e-,-1,1,-9396.634240,121.568495,6858.481897,64.6928 ns ,5.05154 keV,eIoni,0.035978,0.027253,0.056134
track,200,e-,-1,0,-9344.178798,120.920291,6818.832448,64.4656 ns ,0 eV ,None,0.007744,0.037175,0.012452
track,200,e-,-1,1,-9344.170350,120.960843,6818.846031,64.4675 ns ,1.56022 keV,eIoni,0.007744,0.037175,0.012452
track,199,e-,-1,0,-9302.675856,120.514764,6787.772498,64.2927 ns ,0 eV ,None,-0.082298,-0.140922,-0.060221
track,199,e-,-1,1,-9304.703363,117.043011,6786.288891,64.3371 ns ,4.45429 keV,eIoni,-0.082298,-0.140922,-0.060221
track,199,e-,-1,2,-9304.640694,113.714437,6786.959547,64.3751 ns ,2.13796 keV,eIoni,-0.082298,-0.140922,-0.060221
track,199,e-,-1,3,-9306.857128,113.673776,6788.987048,64.4102 ns ,5.14581 keV,eIoni,-0.082298,-0.140922,-0.060221
track,199,e-,-1,4,-9308.235949,114.308015,6790.501173,64.4385 ns ,4.99203 keV,eIoni,-0.082298,-0.140922,-0.060221
track,199,e-,-1,5,-9309.256121,114.889561,6791.226993,64.4601 ns ,4.95452 keV,eIoni,-0.082298,-0.140922,-0.060221
track,199,e-,-1,6,-9309.790995,115.184703,6791.238905,64.4724 ns ,7.11125 keV,eIoni,-0.082298,-0.140922,-0.060221
track,198,e-,-1,0,-9231.130010,119.861368,6734.241235,63.9947 ns ,0 eV ,None,0.001336,-0.035696,0.004339
track,198,e-,-1,1,-9231.128861,119.830652,6734.244968,63.9961 ns ,1.2654 keV,eIoni,0.001336,-0.035696,0.004339
track,197,e-,-1,0,-9217.012688,119.731124,6723.679494,63.9358 ns ,0 eV ,None,-0.005442,0.035130,-0.005597
track,197,e-,-1,1,-9217.017372,119.761357,6723.674677,63.9373 ns ,1.26559 keV,eIoni,-0.005442,0.035130,-0.005597
track,196,e-,-1,0,-9112.681077,118.771369,6645.639804,63.5012 ns ,0 eV ,None,-0.012469,0.049541,-0.012761
track,196,e-,-1,1,-9112.707157,118.874988,6645.613115,63.5048 ns ,2.7058 keV,eIoni,-0.012469,0.049541,-0.012761
track,195,e-,-1,0,-8930.322467,116.971359,6509.202617,62.7415 ns ,0 eV ,None,-0.013418,0.024539,-0.016540
track,195,e-,-1,1,-8930.331668,116.988187,6509.191275,62.7427 ns ,1.032 keV,eIoni,-0.013418,0.024539,-0.016540
track,194,e-,-1,0,-8910.277576,116.770725,6494.206072,62.658 ns ,0 eV ,None,-0.022762,-0.070016,-0.020032
track,194,e-,-1,1,-8910.398843,116.397706,6494.099349,62.6672 ns ,5.66494 keV,eIoni,-0.022762,-0.070016,-0.020032
track,193,e-,-1,0,-8880.099045,116.470474,6471.632340,62.5323 ns ,0 eV ,None,-0.019828,-0.020899,-0.023946
track,193,e-,-1,1,-8880.117729,116.450781,6471.609776,62.5339 ns ,1.37123 keV,eIoni,-0.019828,-0.020899,-0.023946
track,192,e-,-1,0,-8826.586370,115.944805,6431.603033,62.3094 ns ,0 eV ,None,0.005742,0.034774,0.009393
track,192,e-,-1,1,-8826.581276,115.975656,6431.611366,62.3109 ns ,1.30013 keV,eIoni,0.005742,0.034774,0.009393
track,191,e-,-1,0,-8584.238863,113.247119,6250.309849,61.2998 ns ,0 eV ,None,-0.013746,-0.078852,-0.006625
track,191,e-,-1,1,-8584.322436,112.767702,6250.269570,61.3103 ns ,6.27309 keV,eIoni,-0.013746,-0.078852,-0.006625
track,190,e-,-1,0,-8542.799766,112.751564,6219.327700,61.1272 ns ,0 eV ,None,-0.017283,0.035502,-0.020453
track,190,e-,-1,1,-8542.823848,112.801032,6219.299202,61.1296 ns ,1.93123 keV,eIoni,-0.017283,0.035502,-0.020453
track,189,e-,-1,0,-8374.549621,110.681392,6093.515610,60.4264 ns ,0 eV ,None,0.019916,-0.020652,0.029766
track,189,e-,-1,1,-8374.526154,110.657059,6093.550682,60.4284 ns ,1.6696 keV,eIoni,0.019916,-0.020652,0.029766
track,188,e-,-1,0,-8374.006339,110.674619,6093.109314,60.4241 ns ,0 eV ,None,0.035234,0.045821,0.057049
track,188,e-,-1,1,-8373.785875,110.961331,6093.466279,60.4349 ns ,6.41345 keV,eIoni,0.035234,0.045821,0.057049
track,187,e-,-1,0,-8340.993423,110.261050,6068.414394,60.2866 ns ,0 eV ,None,-0.013712,0.024308,-0.016995
track,187,e-,-1,1,-8341.002942,110.277925,6068.402595,60.2878 ns ,1.04366 keV,eIoni,-0.013712,0.024308,-0.016995
track,186,e-,-1,0,-8253.668102,109.148121,6003.081977,59.9228 ns ,0 eV ,None,0.007118,-0.041581,0.013417
track,186,e-,-1,1,-8253.658287,109.090786,6003.100478,59.9251 ns ,1.91393 keV,eIoni,0.007118,-0.041581,0.013417
track,185,e-,-1,0,-8038.566702,106.497529,5842.200057,59.0268 ns ,0 eV ,None,-0.044348,-0.019929,-0.050908
track,185,e-,-1,1,-8038.758821,106.411196,5841.979518,59.0342 ns ,4.82609 keV,eIoni,-0.044348,-0.019929,-0.050908
track,184,e-,-1,0,-7814.160813,103.802965,5674.409692,58.0921 ns ,0 eV ,None,0.034451,0.047896,0.056094
track,184,e-,-1,1,-7813.943914,104.104516,5674.762852,58.1029 ns ,6.44413 keV,eIoni,0.034451,0.047896,0.056094
track,183,e-,-1,0,-7756.251510,103.123304,5631.119555,57.8509 ns ,0 eV ,None,-0.015609,0.039907,-0.017972
track,183,e-,-1,1,-7756.275626,103.184959,5631.091788,57.8535 ns ,2.10838 keV,eIoni,-0.015609,0.039907,-0.017972
track,182,e-,-1,0,-7741.318500,102.953544,5619.959522,57.7887 ns ,0 eV ,None,0.020029,-0.032799,0.031305
track,182,e-,-1,1,-7741.282366,102.894371,5620.015999,57.7918 ns ,2.39845 keV,eIoni,0.020029,-0.032799,0.031305
track,181,e-,-1,0,-7596.088336,101.330734,5511.473403,57.184 ns ,0 eV ,None,0.017684,0.023894,0.025856
track,181,e-,-1,1,-7596.069657,101.355971,5511.500713,57.1858 ns ,1.51651 keV,eIoni,0.017684,0.023894,0.025856
track,180,e-,-1,0,-7507.779084,100.390455,5445.561234,56.8164 ns ,0 eV ,None,-0.015554,0.021434,-0.019393
track,180,e-,-1,1,-7507.789990,100.405484,5445.547636,56.8176 ns ,1.05316 keV,eIoni,-0.015554,0.021434,-0.019393
track,179,e-,-1,0,-7506.446210,100.376422,5444.567078,56.8109 ns ,0 eV ,None,0.021938,-0.023871,0.033270
track,179,e-,-1,1,-7506.412337,100.339565,5444.618447,56.8135 ns ,2.10724 keV,eIoni,0.021938,-0.023871,0.033270
track,178,e-,-1,0,-7375.938714,98.989572,5347.240404,56.2678 ns ,0 eV ,None,0.017320,0.015497,0.024880
track,178,e-,-1,1,-7375.925548,99.001351,5347.259316,56.2691 ns ,1.13294 keV,eIoni,0.017320,0.015497,0.024880
track,177,e-,-1,0,-7327.435436,98.446640,5311.070406,56.066 ns ,0 eV ,None,-0.000497,-0.038679,0.002367
track,177,e-,-1,1,-7327.435942,98.407279,5311.072814,56.0677 ns ,1.46752 keV,eIoni,-0.000497,-0.038679,0.002367
track,176,e-,-1,0,-7178.252733,96.834564,5199.763315,55.4451 ns ,0 eV ,None,-0.021857,-0.013884,-0.026796
track,176,e-,-1,1,-7178.273084,96.821637,5199.738365,55.4467 ns ,1.35683 keV,eIoni,-0.021857,-0.013884,-0.026796
track,175,e-,-1,0,-7083.930493,95.812008,5129.299067,55.0523 ns ,0 eV ,None,0.022234,-0.103085,0.053859
track,175,e-,-1,1,-7083.629384,94.415982,5130.028458,55.076 ns ,6.37589 keV,eIoni,0.022234,-0.103085,0.053859
track,175,e-,-1,2,-7083.495613,94.885396,5129.647578,55.0885 ns ,5.96121 keV,eIoni,0.022234,-0.103085,0.053859
track,175,e-,-1,3,-7083.509069,94.861208,5129.654513,55.0899 ns ,1.20342 keV,eIoni,0.022234,-0.103085,0.053859
track,174,e-,-1,0,-7039.825441,95.350083,5096.343324,54.8687 ns ,0 eV ,None,-0.000602,0.053505,0.003134
track,174,e-,-1,1,-7039.826756,95.467003,5096.350173,54.8724 ns ,2.80347 keV,eIoni,-0.000602,0.053505,0.003134
track,173,e-,-1,0,-7028.776971,95.234880,5088.091849,54.8227 ns ,0 eV ,None,0.022944,0.005526,0.033371
track,173,e-,-1,1,-7028.750629,95.241224,5088.130162,54.8246 ns ,1.632 keV,eIoni,0.022944,0.005526,0.033371
track,172,e-,-1,0,-6998.982429,94.927781,5065.834447,54.6986 ns ,0 eV ,None,-0.041584,-0.017626,-0.048316
track,172,e-,-1,1,-6999.136088,94.862650,5065.655914,54.705 ns ,4.26247 keV,eIoni,-0.041584,-0.017626,-0.048316
track,171,e-,-1,0,-6973.828625,94.679486,5047.050604,54.5939 ns ,0 eV ,None,0.008334,-0.038348,0.014520
track,171,e-,-1,1,-6973.818531,94.633040,5047.068190,54.596 ns ,1.7103 keV,eIoni,0.008334,-0.038348,0.014520
track,170,e-,-1,0,-6942.540507,94.364011,5023.697484,54.4637 ns ,0 eV ,None,-0.005338,0.043191,-0.004628
track,170,e-,-1,1,-6942.547675,94.422005,5023.691270,54.466 ns ,1.87069 keV,eIoni,-0.005338,0.043191,-0.004628
track,169,e-,-1,0,-6730.626493,92.024470,4865.540470,53.5816 ns ,0 eV ,None,0.005415,0.031359,0.008587
track,169,e-,-1,1,-6730.622661,92.046660,4865.546546,53.5828 ns ,1.06193 keV,eIoni,0.005415,0.031359,0.008587
track,168,e-,-1,0,-6591.827255,90.526159,4762.028290,53.004 ns ,0 eV ,None,-0.002050,0.032458,-0.001496
track,168,e-,-1,1,-6591.828666,90.548512,4762.027260,53.0052 ns ,1.03607 keV,eIoni,-0.002050,0.032458,-0.001496
track,167,e-,-1,0,-6588.026797,90.484259,4759.194972,52.9882 ns ,0 eV ,None,-0.000481,0.045940,0.002129
track,167,e-,-1,1,-6588.027522,90.553532,4759.198183,52.9908 ns ,2.06559 keV,eIoni,-0.000481,0.045940,0.002129
track,166,e-,-1,0,-6444.691079,88.818390,4652.421891,52.392 ns ,0 eV ,None,0.033647,0.035948,0.053185
track,166,e-,-1,1,-6444.534007,88.986207,4652.670174,52.4 ns ,5.11437 keV,eIoni,0.033647,0.035948,0.053185
track,165,e-,-1,0,-6422.563341,88.551719,4635.947967,52.3 ns ,0 eV ,None,0.016479,0.037553,0.025315
track,165,e-,-1,1,-6422.535565,88.615017,4635.990637,52.3029 ns ,2.26757 keV,eIoni,0.016479,0.037553,0.025315
track,164,e-,-1,0,-6372.016458,87.926479,4598.313420,52.0898 ns ,0 eV ,None,0.015881,-0.019107,0.023571
track,164,e-,-1,1,-6372.004227,87.911764,4598.331575,52.0911 ns ,1.14638 keV,eIoni,0.015881,-0.019107,0.023571
track,163,e-,-1,0,-6240.789432,86.284809,4500.677961,51.5441 ns ,0 eV ,None,0.006622,0.051253,0.012631
track,163,e-,-1,1,-6240.775227,86.394753,4500.705055,51.5478 ns ,2.76182 keV,eIoni,0.006622,0.051253,0.012631
track,162,e-,-1,0,-6151.568562,85.075142,4434.350130,51.1733 ns ,0 eV ,None,-0.019964,0.018789,-0.024950
track,162,e-,-1,1,-6151.586933,85.092431,4434.327171,51.1748 ns ,1.34278 keV,eIoni,-0.019964,0.018789,-0.024950
track,161,e-,-1,0,-6021.161398,83.287029,4337.413886,50.6312 ns ,0 eV ,None,-0.029674,-0.047398,-0.032277
track,161,e-,-1,1,-6021.264568,83.122238,4337.301668,50.6372 ns ,4.06311 keV,eIoni,-0.029674,-0.047398,-0.032277
track,160,e-,-1,0,-6002.538816,83.038034,4323.581696,50.5538 ns ,0 eV ,None,-0.004087,0.034585,-0.004107
track,160,e-,-1,1,-6002.542134,83.066115,4323.578362,50.5552 ns ,1.20179 keV,eIoni,-0.004087,0.034585,-0.004107
track,159,e-,-1,0,-5995.649024,82.946364,4318.464597,50.5252 ns ,0 eV ,None,-0.025437,-0.000579,-0.031549
track,159,e-,-1,1,-5995.677677,82.945712,4318.429060,50.5271 ns ,1.60488 keV,eIoni,-0.025437,-0.000579,-0.031549
track,158,e-,-1,0,-5935.933148,82.148438,4274.116646,50.2771 ns ,0 eV ,None,-0.005308,0.031801,-0.005968
track,158,e-,-1,1,-5935.936861,82.170684,4274.112471,50.2783 ns ,1.0509 keV,eIoni,-0.005308,0.031801,-0.005968
track,157,e-,-1,0,-5710.193966,79.104448,4106.367093,49.3389 ns ,0 eV ,None,-0.024452,0.039038,-0.028801
track,157,e-,-1,1,-5710.249202,79.192635,4106.302032,49.3428 ns ,2.87973 keV,eIoni,-0.024452,0.039038,-0.028801
track,156,e-,-1,0,-5697.132987,78.923703,4096.664202,49.2846 ns ,0 eV ,None,0.021816,0.015008,0.031896
track,156,e-,-1,1,-5697.107121,78.941498,4096.702021,49.2867 ns ,1.67878 keV,eIoni,0.021816,0.015008,0.031896
track,155,e-,-1,0,-5695.128979,78.895708,4095.175082,49.2763 ns ,0 eV ,None,0.009355,0.038868,0.014833
track,155,e-,-1,1,-5695.117148,78.944862,4095.193840,49.2785 ns ,1.77602 keV,eIoni,0.009355,0.038868,0.014833
track,154,e-,-1,0,-5637.330209,78.091588,4052.222289,49.0361 ns ,0 eV ,None,0.009346,-0.028288,0.014916
track,154,e-,-1,1,-5637.323438,78.071091,4052.233097,49.0373 ns ,1.085 keV,eIoni,0.009346,-0.028288,0.014916
track,153,e-,-1,0,-5560.849774,77.094012,3995.387532,48.7182 ns ,0 eV ,None,-0.029707,0.014917,-0.036284
track,153,e-,-1,1,-5560.902434,77.120455,3995.323214,48.7213 ns ,2.36396 keV,eIoni,-0.029707,0.014917,-0.036284
track,152,e-,-1,0,-5549.859511,76.953092,3987.223376,48.6726 ns ,0 eV ,None,0.025568,0.009296,0.037808
track,152,e-,-1,1,-5549.819784,76.967537,3987.282123,48.6752 ns ,2.1185 keV,eIoni,0.025568,0.009296,0.037808
track,151,e-,-1,0,-5504.267587,76.360480,3953.369782,48.4831 ns ,0 eV ,None,0.005787,-0.029807,0.009987
track,151,e-,-1,1,-5504.263758,76.340758,3953.376390,48.4843 ns ,998.729 eV ,eIoni,0.005787,-0.029807,0.009987
track,150,e-,-1,0,-5309.789970,73.794500,3808.988895,47.6751 ns ,0 eV ,None,0.018013,-0.020466,0.027051
track,150,e-,-1,1,-5309.772011,73.774094,3809.015866,47.6768 ns ,1.44128 keV,eIoni,0.018013,-0.020466,0.027051
track,149,e-,-1,0,-5295.240610,73.600685,3798.187947,47.6147 ns ,0 eV ,None,-0.002380,-0.040857,0.000268
track,149,e-,-1,1,-5295.243351,73.553633,3798.188255,47.6167 ns ,1.63638 keV,eIoni,-0.002380,-0.040857,0.000268
track,148,e-,-1,0,-5277.640874,73.365300,3785.123644,47.5416 ns ,0 eV ,None,0.023307,0.021860,0.034642
track,148,e-,-1,1,-5277.603634,73.400229,3785.178996,47.5443 ns ,2.16873 keV,eIoni,0.023307,0.021860,0.034642
track,147,e-,-1,0,-5185.762408,72.164409,3716.911997,47.1599 ns ,0 eV ,None,0.022063,0.026233,0.032963
track,147,e-,-1,1,-5185.726390,72.207235,3716.965810,47.1627 ns ,2.20803 keV,eIoni,0.022063,0.026233,0.032963
track,146,e-,-1,0,-5142.083642,71.617103,3684.458400,46.9783 ns ,0 eV ,None,-0.012231,-0.031512,-0.013748
track,146,e-,-1,1,-5142.094504,71.589117,3684.446190,46.9799 ns ,1.3013 keV,eIoni,-0.012231,-0.031512,-0.013748
track,145,e-,-1,0,-4942.779032,69.229517,3536.229590,46.1498 ns ,0 eV ,None,0.017140,-0.023954,0.025940
track,145,e-,-1,1,-4942.761082,69.204431,3536.256756,46.1516 ns ,1.50511 keV,eIoni,0.017140,-0.023954,0.025940
track,144,e-,-1,0,-4878.406783,68.454159,3488.359635,45.8822 ns ,0 eV ,None,-0.018045,0.043622,-0.020638
track,144,e-,-1,1,-4878.442560,68.540644,3488.318718,45.8856 ns ,2.59076 keV,eIoni,-0.018045,0.043622,-0.020638
track,143,e-,-1,0,-4786.618132,67.360800,3420.175299,45.5008 ns ,0 eV ,None,-0.021690,0.016932,-0.027037
track,143,e-,-1,1,-4786.639976,67.377852,3420.148071,45.5025 ns ,1.45406 keV,eIoni,-0.021690,0.016932,-0.027037
track,142,e-,-1,0,-4784.345587,67.332415,3418.486790,45.4913 ns ,0 eV ,None,0.021027,-0.000253,0.030558
track,142,e-,-1,1,-4784.326208,67.332182,3418.514953,45.4929 ns ,1.34461 keV,eIoni,0.021027,-0.000253,0.030558
track,141,e-,-1,0,-4589.441423,64.863027,3273.707183,44.6814 ns ,0 eV ,None,-0.020760,0.015277,-0.026025
track,141,e-,-1,1,-4589.460018,64.876711,3273.683872,44.6829 ns ,1.31114 keV,eIoni,-0.020760,0.015277,-0.026025
track,140,e-,-1,0,-4512.242583,63.899385,3216.384293,44.3607 ns ,0 eV ,None,0.016237,0.048705,0.026518
track,140,e-,-1,1,-4512.236627,63.917251,3216.394021,44.3613 ns ,181.218 eV ,eIoni,0.016237,0.048705,0.026518
track,140,e-,-1,2,-4512.202924,63.966467,3216.391021,44.3636 ns ,1.88906 keV,eIoni,0.016237,0.048705,0.026518
track,208,e-,-1,0,-4512.236627,63.917251,3216.394021,44.3613 ns ,0 eV ,None,-0.011646,0.009944,0.031297
track,208,e-,-1,1,-4512.245949,63.925210,3216.419071,44.3626 ns ,1.18654 keV,eIoni,-0.011646,0.009944,0.031297
track,139,e-,-1,0,-4474.856148,63.430187,3188.626467,44.2053 ns ,0 eV ,None,-0.021336,-0.004064,-0.026727
track,139,e-,-1,1,-4474.872786,63.427018,3188.605623,44.2067 ns ,1.15926 keV,eIoni,-0.021336,-0.004064,-0.026727
track,138,e-,-1,0,-4418.960271,62.746694,3147.167922,43.9732 ns ,0 eV ,None,0.048406,-0.055249,0.087268
track,138,e-,-1,1,-4418.341603,62.040571,3148.283281,43.9955 ns ,5.27843 keV,eIoni,0.048406,-0.055249,0.087268
track,138,e-,-1,2,-4418.100537,61.902189,3148.859215,44.0083 ns ,4.7737 keV,eIoni,0.048406,-0.055249,0.087268
track,138,e-,-1,3,-4418.027193,61.958550,3148.827875,44.0115 ns ,2.52435 keV,eIoni,0.048406,-0.055249,0.087268
track,137,e-,-1,0,-4414.144758,62.690981,3143.596780,43.9532 ns ,0 eV ,None,-0.015399,0.048508,-0.016819
track,137,e-,-1,1,-4414.178370,62.796863,3143.560069,43.9569 ns ,2.80349 keV,eIoni,-0.015399,0.048508,-0.016819
track,136,e-,-1,0,-4385.833804,62.359361,3122.602118,43.8356 ns ,0 eV ,None,-0.017827,-0.019089,-0.021835
track,136,e-,-1,1,-4385.847353,62.344853,3122.585523,43.8369 ns ,1.13277 keV,eIoni,-0.017827,-0.019089,-0.021835
track,135,e-,-1,0,-4373.667029,62.216717,3113.580310,43.7851 ns ,0 eV ,None,-0.025177,-0.148976,0.005097
track,135,e-,-1,1,-4374.031986,60.057247,3113.654195,43.8108 ns ,3.84794 keV,eIoni,-0.025177,-0.148976,0.005097
track,135,e-,-1,2,-4374.718334,58.776411,3113.922376,43.8306 ns ,2.94902 keV,eIoni,-0.025177,-0.148976,0.005097
track,135,e-,-1,3,-4375.740458,58.149610,3114.446560,43.8515 ns ,5.56048 keV,eIoni,-0.025177,-0.148976,0.005097
track,135,e-,-1,4,-4375.575879,58.134966,3114.870639,43.8614 ns ,4.64711 keV,eIoni,-0.025177,-0.148976,0.005097
track,135,e-,-1,5,-4375.593317,58.161005,3114.853145,43.863 ns ,1.38524 keV,eIoni,-0.025177,-0.148976,0.005097
track,210,e-,-1,0,-4374.718334,58.776411,3113.922376,43.8306 ns ,0 eV ,None,-0.001411,-0.028786,-0.036613
track,210,e-,-1,1,-4374.718768,58.767568,3113.911128,43.8311 ns ,144.935 eV ,eIoni,-0.001411,-0.028786,-0.036613
track,210,e-,-1,2,-4374.727705,58.729499,3113.860053,43.8336 ns ,1.97504 keV,eIoni,-0.001411,-0.028786,-0.036613
track,209,e-,-1,0,-4374.031986,60.057247,3113.654195,43.8108 ns ,0 eV ,None,0.021994,-0.017259,-0.025174
track,209,e-,-1,1,-4374.011060,60.040826,3113.630243,43.8125 ns ,1.38296 keV,eIoni,0.021994,-0.017259,-0.025174
track,134,e-,-1,0,-4298.845723,61.379768,3058.084547,43.4743 ns ,0 eV ,None,-0.000328,0.073090,0.007251
track,134,e-,-1,1,-4298.847306,61.732850,3058.119574,43.4826 ns ,5.25176 keV,eIoni,-0.000328,0.073090,0.007251
track,133,e-,-1,0,-3938.404609,57.356571,2790.353266,41.9766 ns ,0 eV ,None,-0.023496,-0.017134,-0.028630
track,133,e-,-1,1,-3938.431489,57.336970,2790.320513,41.9785 ns ,1.62688 keV,eIoni,-0.023496,-0.017134,-0.028630
track,132,e-,-1,0,-3875.502731,56.647656,2743.607968,41.7152 ns ,0 eV ,None,-0.012490,-0.025408,-0.014748
track,132,e-,-1,1,-3875.510972,56.630892,2743.598237,41.7163 ns ,996.145 eV ,eIoni,-0.012490,-0.025408,-0.014748
track,131,e-,-1,0,-3745.890707,55.181197,2647.319127,41.1765 ns ,0 eV ,None,-0.021876,-0.010061,-0.027152
track,131,e-,-1,1,-3745.909894,55.172372,2647.295312,41.178 ns ,1.28705 keV,eIoni,-0.021876,-0.010061,-0.027152
track,130,e-,-1,0,-3584.098777,53.328363,2527.249926,40.5045 ns ,0 eV ,None,0.003776,-0.033705,0.007595
track,130,e-,-1,1,-3584.095771,53.301537,2527.255971,40.5058 ns ,1.18059 keV,eIoni,0.003776,-0.033705,0.007595
track,129,e-,-1,0,-3556.138503,53.007912,2506.508951,40.3883 ns ,0 eV ,None,-0.008323,0.037207,-0.009272
track,129,e-,-1,1,-3556.147214,53.046853,2506.499247,40.3901 ns ,1.50429 keV,eIoni,-0.008323,0.037207,-0.009272
track,128,e-,-1,0,-3518.408699,52.579330,2478.519539,40.2316 ns ,0 eV ,None,0.009240,0.051127,0.016544
track,128,e-,-1,1,-3518.387636,52.695876,2478.557250,40.2355 ns ,2.90084 keV,eIoni,0.009240,0.051127,0.016544
track,127,e-,-1,0,-3445.846166,51.752090,2424.697528,39.9302 ns ,0 eV ,None,0.022790,0.024726,0.034093
track,127,e-,-1,1,-3445.808336,51.793133,2424.754121,39.9331 ns ,2.23886 keV,eIoni,0.022790,0.024726,0.034093
track,126,e-,-1,0,-3276.073512,49.778723,2298.616446,39.2248 ns ,0 eV ,None,0.000597,0.033906,0.002160
track,126,e-,-1,1,-3276.073060,49.804385,2298.618081,39.2261 ns ,1.12854 keV,eIoni,0.000597,0.033906,0.002160
track,125,e-,-1,0,-3246.074428,49.425788,2276.338367,39.1002 ns ,0 eV ,None,-0.031070,0.006426,-0.037950
track,125,e-,-1,1,-3246.130200,49.437323,2276.270245,39.1033 ns ,2.38856 keV,eIoni,-0.031070,0.006426,-0.037950
track,124,e-,-1,0,-3241.253326,49.368563,2272.759825,39.0802 ns ,0 eV ,None,0.012616,0.025698,0.018488
track,124,e-,-1,1,-3241.243716,49.388139,2272.773908,39.0815 ns ,1.13509 keV,eIoni,0.012616,0.025698,0.018488
track,123,e-,-1,0,-3206.978840,48.961019,2247.319221,38.9378 ns ,0 eV ,None,-0.010213,0.030182,-0.012328
track,123,e-,-1,1,-3206.986663,48.984139,2247.309777,38.9391 ns ,1.14082 keV,eIoni,-0.010213,0.030182,-0.012328
track,122,e-,-1,0,-3189.442325,48.752215,2234.302971,38.8649 ns ,0 eV ,None,-0.067538,-0.035245,-0.072479
track,122,e-,-1,1,-3190.195619,48.359101,2233.494567,38.8843 ns ,2.77751 keV,eIoni,-0.067538,-0.035245,-0.072479
track,122,e-,-1,2,-3190.569005,48.001877,2233.012410,38.8979 ns ,4.22404 keV,eIoni,-0.067538,-0.035245,-0.072479
track,122,e-,-1,3,-3190.581370,48.068774,2232.984113,38.9006 ns ,2.14102 keV,eIoni,-0.067538,-0.035245,-0.072479
track,211,e-,-1,0,-3190.569005,48.001877,2233.012410,38.8979 ns ,0 eV ,None,0.021846,-0.009484,-0.032152
track,211,e-,-1,1,-3190.545107,47.991502,2232.977237,38.8997 ns ,1.5641 keV,eIoni,0.021846,-0.009484,-0.032152
track,121,e-,-1,0,-3147.769760,48.265673,2203.380367,38.6918 ns ,0 eV ,None,-0.057695,-0.095364,-0.051828
track,121,e-,-1,1,-3147.935923,47.991024,2203.231102,38.6969 ns ,85.0562 eV ,eIoni,-0.057695,-0.095364,-0.051828
track,121,e-,-1,2,-3149.183129,47.070058,2202.424639,38.7219 ns ,4.35955 keV,eIoni,-0.057695,-0.095364,-0.051828
track,121,e-,-1,3,-3149.153728,47.033993,2202.436071,38.7227 ns ,114.068 eV ,eIoni,-0.057695,-0.095364,-0.051828
track,121,e-,-1,4,-3149.157874,46.659151,2202.686768,38.7326 ns ,6.00164 keV,eIoni,-0.057695,-0.095364,-0.051828
track,212,e-,-1,0,-3149.153728,47.033993,2202.436071,38.7227 ns ,0 eV ,None,0.062537,-0.008760,-0.011512
track,212,e-,-1,1,-3148.939518,47.003987,2202.396639,38.7286 ns ,4.01568 keV,eIoni,0.062537,-0.008760,-0.011512
track,120,e-,-1,0,-3129.656703,48.059498,2189.945570,38.6166 ns ,0 eV ,None,-0.013363,-0.045698,-0.013313
track,120,e-,-1,1,-3129.680659,47.977577,2189.921705,38.6197 ns ,2.38595 keV,eIoni,-0.013363,-0.045698,-0.013313
track,119,e-,-1,0,-3124.948928,48.006238,2186.453618,38.597 ns ,0 eV ,None,0.004524,-0.041728,0.009782
track,119,e-,-1,1,-3124.943065,47.952160,2186.466294,38.5993 ns ,1.81417 keV,eIoni,0.004524,-0.041728,0.009782
track,118,e-,-1,0,-3100.994135,47.736654,2168.680739,38.4975 ns ,0 eV ,None,0.064383,-0.011123,0.115250
track,118,e-,-1,1,-3099.964790,47.558826,2170.523334,38.5257 ns ,4.74306 keV,eIoni,0.064383,-0.011123,0.115250
track,118,e-,-1,2,-3098.722473,47.076729,2170.115973,38.5474 ns ,5.26699 keV,eIoni,0.064383,-0.011123,0.115250
track,118,e-,-1,3,-3098.641037,47.543515,2170.444997,38.5592 ns ,5.0831 keV,eIoni,0.064383,-0.011123,0.115250
track,118,e-,-1,4,-3098.591158,47.565051,2170.435288,38.5614 ns ,1.80112 keV,eIoni,0.064383,-0.011123,0.115250
track,117,e-,-1,0,-3073.508376,47.428013,2148.275137,38.3833 ns ,0 eV ,None,-0.029324,-0.054367,-0.030876
track,117,e-,-1,1,-3073.629326,47.203768,2148.147786,38.3904 ns ,4.64523 keV,eIoni,-0.029324,-0.054367,-0.030876
track,116,e-,-1,0,-3043.525535,47.087728,2126.019721,38.2588 ns ,0 eV ,None,-0.022278,-0.050132,-0.023427
track,116,e-,-1,1,-3043.589017,46.944875,2125.952967,38.2637 ns ,3.47 keV,eIoni,-0.022278,-0.050132,-0.023427
track,115,e-,-1,0,-2916.490999,45.613288,2031.757676,37.7311 ns ,0 eV ,None,0.037640,0.017807,0.058922
track,115,e-,-1,1,-2916.317318,45.695453,2032.029556,37.7391 ns ,5.06843 keV,eIoni,0.037640,0.017807,0.058922
track,114,e-,-1,0,-2894.450749,45.358285,2015.391874,37.6395 ns ,0 eV ,None,0.016979,-0.019340,0.025302
track,114,e-,-1,1,-2894.436041,45.341532,2015.413791,37.641 ns ,1.27291 keV,eIoni,0.016979,-0.019340,0.025302
track,113,e-,-1,0,-2888.312998,45.287213,2010.833478,37.614 ns ,0 eV ,None,-0.005914,-0.033240,-0.005531
track,113,e-,-1,1,-2888.317542,45.261672,2010.829228,37.6153 ns ,1.14396 keV,eIoni,-0.005914,-0.033240,-0.005531
track,112,e-,-1,0,-2635.624790,42.372093,1823.454432,36.5647 ns ,0 eV ,None,-0.040102,-0.039562,-0.045023
track,112,e-,-1,1,-2635.809594,42.189775,1823.246951,36.5726 ns ,5.06339 keV,eIoni,-0.040102,-0.039562,-0.045023
track,111,e-,-1,0,-2627.544946,42.280727,1817.470166,36.5311 ns ,0 eV ,None,-0.033672,0.095276,-0.028946
track,111,e-,-1,1,-2627.920283,43.342743,1817.147514,36.5505 ns ,5.52197 keV,eIoni,-0.033672,0.095276,-0.028946
track,111,e-,-1,2,-2627.685252,43.521908,1816.967860,36.5587 ns ,5.17736 keV,eIoni,-0.033672,0.095276,-0.028946
track,110,e-,-1,0,-2570.122074,41.612064,1774.951789,36.2928 ns ,0 eV ,None,0.011851,-0.024766,0.018178
track,110,e-,-1,1,-2570.113706,41.594578,1774.964623,36.294 ns ,1.05981 keV,eIoni,0.011851,-0.024766,0.018178
track,109,e-,-1,0,-2569.905420,41.609577,1774.791421,36.2919 ns ,0 eV ,None,-0.013205,0.032932,-0.015871
track,109,e-,-1,1,-2569.918947,41.643313,1774.775163,36.2936 ns ,1.47614 keV,eIoni,-0.013205,0.032932,-0.015871
track,108,e-,-1,0,-2501.987762,40.825937,1724.532050,36.01 ns ,0 eV ,None,0.008592,-0.050899,0.017256
track,108,e-,-1,1,-2501.968263,40.710430,1724.571210,36.0139 ns ,2.89039 keV,eIoni,0.008592,-0.050899,0.017256
track,107,e-,-1,0,-2500.504799,40.809070,1723.434572,36.0039 ns ,0 eV ,None,-0.047409,0.047726,-0.052850
track,107,e-,-1,1,-2500.843437,41.149968,1723.057069,36.0162 ns ,5.2832 keV,eIoni,-0.047409,0.047726,-0.052850
track,107,e-,-1,2,-2500.886272,41.183067,1723.040622,36.0185 ns ,1.82834 keV,eIoni,-0.047409,0.047726,-0.052850
track,106,e-,-1,0,-2364.834237,39.260198,1623.078040,35.4409 ns ,0 eV ,None,0.029241,0.047649,0.047649
track,106,e-,-1,1,-2364.692947,39.490437,1623.308277,35.4493 ns ,5.25275 keV,eIoni,0.029241,0.047649,0.047649
track,105,e-,-1,0,-2345.981076,39.054555,1609.131257,35.3627 ns ,0 eV ,None,0.018197,0.012488,0.026356
track,105,e-,-1,1,-2345.966944,39.064254,1609.151726,35.364 ns ,1.15498 keV,eIoni,0.018197,0.012488,0.026356
track,104,e-,-1,0,-2303.971468,38.600537,1578.041446,35.1884 ns ,0 eV ,None,0.087655,-0.008227,0.184907
track,104,e-,-1,1,-2298.124612,38.943941,1582.866144,35.2498 ns ,9.51948 keV,eIoni,0.087655,-0.008227,0.184907
track,104,e-,-1,2,-2294.598294,39.059340,1579.714710,35.293 ns ,3.11006 keV,eIoni,0.087655,-0.008227,0.184907
track,104,e-,-1,3,-2291.071383,37.853389,1578.158046,35.3324 ns ,4.42829 keV,eIoni,0.087655,-0.008227,0.184907
track,104,e-,-1,4,-2288.982680,37.503185,1577.644682,35.357 ns ,3.72977 keV,eIoni,0.087655,-0.008227,0.184907
track,104,e-,-1,5,-2288.094295,37.540451,1577.266494,35.3701 ns ,1.72238 keV,Transportation,0.087655,-0.008227,0.184907
track,104,e-,-1,6,-2287.861062,37.474795,1577.250250,35.3735 ns ,99.9047 eV ,msc,0.087655,-0.008227,0.184907
track,104,e-,-1,7,-2287.644106,37.409629,1577.154005,35.3768 ns ,1.01478 keV,msc,0.087655,-0.008227,0.184907
track,104,e-,-1,8,-2287.463206,37.273365,1577.071402,35.3802 ns ,360.896 eV ,msc,0.087655,-0.008227,0.184907
track,104,e-,-1,9,-2287.217645,37.115514,1577.130944,35.3844 ns ,489.206 eV ,msc,0.087655,-0.008227,0.184907
track,104,e-,-1,10,-2286.906825,37.034372,1577.165636,35.389 ns ,678.785 eV ,msc,0.087655,-0.008227,0.184907
track,104,e-,-1,11,-2286.885563,37.339460,1577.365022,35.3942 ns ,425.261 eV ,msc,0.087655,-0.008227,0.184907
track,104,e-,-1,12,-2286.790516,37.323415,1577.649672,35.3986 ns ,254.224 eV ,msc,0.087655,-0.008227,0.184907
track,104,e-,-1,13,-2286.773748,37.287013,1577.877165,35.4021 ns ,406.236 eV ,msc,0.087655,-0.008227,0.184907
track,104,e-,-1,14,-2286.634699,37.226081,1578.006276,35.4053 ns ,1.50799 keV,msc,0.087655,-0.008227,0.184907
track,104,e-,-1,15,-2286.533871,37.218773,1578.162840,35.4085 ns ,67.8079 eV ,msc,0.087655,-0.008227,0.184907
track,104,e-,-1,16,-2286.527945,37.218606,1578.170827,35.4087 ns ,0 eV ,Transportation,0.087655,-0.008227,0.184907
track,104,e-,-1,17,-2286.454759,37.241949,1578.244584,35.4105 ns ,126.781 eV ,msc,0.087655,-0.008227,0.184907
track,104,e-,-1,18,-2286.407136,37.262854,1578.335471,35.4124 ns ,162.786 eV ,msc,0.087655,-0.008227,0.184907
track,104,e-,-1,19,-2286.372746,37.288515,1578.427124,35.4142 ns ,100.394 eV ,msc,0.087655,-0.008227,0.184907
track,104,e-,-1,20,-2286.372521,37.309826,1578.529029,35.416 ns ,44.8655 eV ,msc,0.087655,-0.008227,0.184907
track,104,e-,-1,21,-2286.382540,37.334772,1578.669128,35.4186 ns ,320.693 eV ,msc,0.087655,-0.008227,0.184907
track,104,e-,-1,22,-2286.364851,37.456501,1578.845925,35.4224 ns ,1.85229 keV,msc,0.087655,-0.008227,0.184907
track,104,e-,-1,23,-2286.201016,37.630190,1579.003436,35.4279 ns ,604.58 eV ,msc,0.087655,-0.008227,0.184907
track,104,e-,-1,24,-2285.945387,37.508131,1579.158572,35.434 ns ,1.6251 keV,msc,0.087655,-0.008227,0.184907
track,104,e-,-1,25,-2285.875093,37.528741,1579.241024,35.4369 ns ,283.117 eV ,eIoni,0.087655,-0.008227,0.184907
track,104,e-,-1,26,-2285.804914,37.559056,1579.224176,35.4397 ns ,2.2188 keV,eIoni,0.087655,-0.008227,0.184907
track,215,e-,-1,0,-2285.875093,37.528741,1579.241024,35.4369 ns ,0 eV ,None,0.004972,0.011525,0.041059
track,215,e-,-1,1,-2285.868705,37.543548,1579.293774,35.4391 ns ,1.80051 keV,eIoni,0.004972,0.011525,0.041059
track,214,e-,-1,0,-2288.982680,37.503185,1577.644682,35.357 ns ,0 eV ,None,0.011022,0.014652,0.027004
track,214,e-,-1,1,-2288.975046,37.513333,1577.663384,35.3582 ns ,1.04137 keV,eIoni,0.011022,0.014652,0.027004
track,213,e-,-1,0,-2294.598294,39.059340,1579.714710,35.293 ns ,0 eV ,None,-0.029050,0.001655,-0.026533
track,213,e-,-1,1,-2294.628943,39.061086,1579.686716,35.2948 ns ,1.51502 keV,eIoni,-0.029050,0.001655,-0.026533
track,103,e-,-1,0,-2277.571741,38.314633,1558.488628,35.0788 ns ,0 eV ,None,-0.029240,0.020556,-0.035605
track,103,e-,-1,1,-2277.626807,38.353346,1558.421575,35.082 ns ,2.4844 keV,eIoni,-0.029240,0.020556,-0.035605
track,102,e-,-1,0,-2079.030983,36.298691,1411.432166,34.2546 ns ,0 eV ,None,0.025393,-0.015151,0.038309
track,102,e-,-1,1,-2078.987752,36.272897,1411.497386,34.2575 ns ,2.2864 keV,eIoni,0.025393,-0.015151,0.038309
track,101,e-,-1,0,-2050.607893,36.027182,1390.356781,34.1366 ns ,0 eV ,None,0.016487,0.017516,0.023887
track,101,e-,-1,1,-2050.595480,36.040370,1390.374766,34.1379 ns ,1.12325 keV,eIoni,0.016487,0.017516,0.023887
track,100,e-,-1,0,-1759.446464,33.337756,1174.182798,32.9269 ns ,0 eV ,None,-0.020613,0.007851,-0.025940
track,100,e-,-1,1,-1759.462137,33.343725,1174.163075,32.9282 ns ,1.1332 keV,eIoni,-0.020613,0.007851,-0.025940
track,99,e-,-1,0,-1715.584821,32.962455,1141.602700,32.7447 ns ,0 eV ,None,-0.014529,0.030176,-0.017553
track,99,e-,-1,1,-1715.598806,32.991500,1141.585805,32.7463 ns ,1.39714 keV,eIoni,-0.014529,0.030176,-0.017553
track,98,e-,-1,0,-1610.208652,32.089742,1063.362800,32.3069 ns ,0 eV ,None,-0.020667,-0.014153,-0.025577
track,98,e-,-1,1,-1610.226231,32.077704,1063.341044,32.3083 ns ,1.2525 keV,eIoni,-0.020667,-0.014153,-0.025577
track,97,e-,-1,0,-1589.155094,31.920677,1047.729949,32.2194 ns ,0 eV ,None,0.000361,-0.039737,0.003520
track,97,e-,-1,1,-1589.154702,31.877497,1047.733774,32.2213 ns ,1.55491 keV,eIoni,0.000361,-0.039737,0.003520
track,96,e-,-1,0,-1562.169356,31.705476,1027.687805,32.1073 ns ,0 eV ,None,-0.020785,0.015300,-0.025961
track,96,e-,-1,1,-1562.187947,31.719161,1027.664585,32.1088 ns ,1.30953 keV,eIoni,-0.020785,0.015300,-0.025961
track,95,e-,-1,0,-1350.644870,29.956031,870.523915,31.2282 ns ,0 eV ,None,-0.019854,0.002523,-0.025048
track,95,e-,-1,1,-1350.658094,29.957711,870.507233,31.2294 ns ,1.00481 keV,eIoni,-0.019854,0.002523,-0.025048
track,94,e-,-1,0,-1347.317398,29.928491,868.050123,31.2144 ns ,0 eV ,None,0.005433,-0.032268,0.009571
track,94,e-,-1,1,-1347.313256,29.903888,868.057420,31.2157 ns ,1.13605 keV,eIoni,0.005433,-0.032268,0.009571
track,93,e-,-1,0,-1285.885368,29.417661,822.383950,30.9591 ns ,0 eV ,None,0.004230,0.062017,0.011521
track,93,e-,-1,1,-1285.871426,29.622094,822.421927,30.9647 ns ,3.89584 keV,eIoni,0.004230,0.062017,0.011521
track,92,e-,-1,0,-1232.148474,28.970223,782.442616,30.7357 ns ,0 eV ,None,0.021751,0.098701,0.048524
track,92,e-,-1,1,-1231.878041,30.197408,783.045926,30.7574 ns ,5.01463 keV,eIoni,0.021751,0.098701,0.048524
track,92,e-,-1,2,-1232.459007,30.066649,783.200998,30.7698 ns ,7.13987 keV,eIoni,0.021751,0.098701,0.048524
track,91,e-,-1,0,-1135.554502,28.173746,710.606285,30.3342 ns ,0 eV ,None,-0.047722,-0.162237,-0.016315
track,91,e-,-1,1,-1136.682813,24.337921,710.220551,30.3767 ns ,4.01425 keV,eIoni,-0.047722,-0.162237,-0.016315
track,91,e-,-1,2,-1137.448531,21.497057,708.870851,30.4135 ns ,7.33627 keV,eIoni,-0.047722,-0.162237,-0.016315
track,91,e-,-1,3,-1138.262300,23.270727,708.422335,30.4407 ns ,7.37266 keV,eIoni,-0.047722,-0.162237,-0.016315
track,91,e-,-1,4,-1138.834951,22.743780,708.791011,30.4564 ns ,4.76543 keV,eIoni,-0.047722,-0.162237,-0.016315
track,91,e-,-1,5,-1138.724711,22.679369,708.785524,30.4604 ns ,2.94752 keV,eIoni,-0.047722,-0.162237,-0.016315
track,216,e-,-1,0,-1138.834951,22.743780,708.791011,30.4564 ns ,0 eV ,None,0.013673,0.021496,0.021032
track,216,e-,-1,1,-1138.825228,22.759067,708.805967,30.4576 ns ,1.06674 keV,eIoni,0.013673,0.021496,0.021032
track,90,e-,-1,0,-1131.740625,28.143745,707.768808,30.3183 ns ,0 eV ,None,0.000306,-0.036095,0.002938
track,90,e-,-1,1,-1131.740358,28.112234,707.771373,30.3198 ns ,1.28172 keV,eIoni,0.000306,-0.036095,0.002938
track,89,e-,-1,0,-1128.921590,28.121785,705.671399,30.3066 ns ,0 eV ,None,0.007450,0.030407,0.011515
track,89,e-,-1,1,-1128.916178,28.143874,705.679764,30.3079 ns ,1.08756 keV,eIoni,0.007450,0.030407,0.011515
track,88,e-,-1,0,-861.552106,26.097640,506.733297,29.1949 ns ,0 eV ,None,0.011008,-0.032171,0.017488
track,88,e-,-1,1,-861.538863,26.065885,506.748711,29.1966 ns ,1.42853 keV,eIoni,0.011008,-0.032171,0.017488
track,87,e-,-1,0,-817.572267,25.781708,472.966699,29.01 ns ,0 eV ,None,-0.007770,0.031910,-0.008305
track,87,e-,-1,1,-817.578759,25.805696,472.961164,29.0113 ns ,1.12167 keV,eIoni,-0.007770,0.031910,-0.008305
track,86,e-,-1,0,-801.388050,25.663846,460.019029,28.9409 ns ,0 eV ,None,0.017718,0.015040,0.023455
track,86,e-,-1,1,-801.373791,25.674529,460.034230,28.9421 ns ,1.0657 keV,eIoni,0.017718,0.015040,0.023455
track,85,e-,-1,0,-700.756275,24.912804,372.594276,28.4961 ns ,0 eV ,None,0.013992,0.030927,0.016814
track,85,e-,-1,1,-700.740603,24.942694,372.608354,28.4978 ns ,1.40219 keV,eIoni,0.013992,0.030927,0.016814
track,84,e-,-1,0,-559.244159,23.786139,225.750358,27.8155 ns ,0 eV ,None,-0.033469,0.001787,-0.026624
track,84,e-,-1,1,-559.292242,23.788419,225.725280,27.8177 ns ,1.78962 keV,eIoni,-0.033469,0.001787,-0.026624
track,83,e-,-1,0,-530.929114,23.535256,192.279940,27.6693 ns ,0 eV ,None,-0.009987,0.038703,-0.006464
track,83,e-,-1,1,-530.941339,23.578751,192.274686,27.6712 ns ,1.60165 keV,eIoni,-0.009987,0.038703,-0.006464
track,82,e-,-1,0,-519.606460,23.432495,178.445707,27.6097 ns ,0 eV ,None,0.036611,-0.141134,0.061529
track,82,e-,-1,1,-519.603096,20.468581,178.449885,27.6471 ns ,5.92089 keV,eIoni,0.036611,-0.141134,0.061529
track,82,e-,-1,2,-519.579101,19.834892,177.839975,27.6597 ns ,688.531 eV ,eIoni,0.036611,-0.141134,0.061529
track,82,e-,-1,3,-519.555317,18.828728,178.387541,27.6869 ns ,4.25495 keV,eIoni,0.036611,-0.141134,0.061529
track,82,e-,-1,4,-519.498107,17.490188,178.463248,27.7081 ns ,2.94085 keV,eIoni,0.036611,-0.141134,0.061529
track,82,e-,-1,5,-519.355117,17.965673,178.688692,27.7183 ns ,1.89461 keV,eIoni,0.036611,-0.141134,0.061529
track,82,e-,-1,6,-519.227002,18.065041,178.794100,27.7238 ns ,3.79517 keV,eIoni,0.036611,-0.141134,0.061529
track,218,e-,-1,0,-519.355117,17.965673,178.688692,27.7183 ns ,0 eV ,None,0.016285,0.043522,-0.034017
track,218,e-,-1,1,-519.349844,18.079273,178.592871,27.7228 ns ,3.23486 keV,eIoni,0.016285,0.043522,-0.034017
track,217,e-,-1,0,-519.579101,19.834892,177.839975,27.6597 ns ,0 eV ,None,-0.025798,0.008701,0.022405
track,217,e-,-1,1,-519.597834,19.842044,177.860804,27.6611 ns ,1.215 keV,eIoni,-0.025798,0.008701,0.022405
track,81,e-,-1,0,-470.521210,22.986890,115.244951,27.3427 ns ,0 eV ,None,-0.016599,-0.058724,-0.007366
track,81,e-,-1,1,-470.575014,22.806489,115.247277,27.348 ns ,3.68371 keV,eIoni,-0.016599,-0.058724,-0.007366
track,80,e-,-1,0,-409.894041,22.431676,28.858773,26.9906 ns ,0 eV ,None,0.060539,-0.025048,0.047836
track,80,e-,-1,1,-409.494371,22.275509,28.749793,27.0014 ns ,6.39902 keV,eIoni,0.060539,-0.025048,0.047836
track,79,e-,-1,0,-331.559363,21.644749,-100.666324,26.4856 ns ,0 eV ,None,0.008728,-0.038525,0.006846
track,79,e-,-1,1,-331.548717,21.602418,-100.660503,26.4874 ns ,1.57023 keV,eIoni,0.008728,-0.038525,0.006846
track,78,e-,-1,0,-290.972421,21.179308,-178.416772,26.193 ns ,0 eV ,None,0.023363,-0.032325,0.013641
track,78,e-,-1,1,-290.941228,21.139495,-178.405603,26.1951 ns ,1.73558 keV,eIoni,0.023363,-0.032325,0.013641
track,77,e-,-1,0,-189.155903,19.810104,-428.080524,25.2928 ns ,0 eV ,None,0.035315,-0.000374,0.013013
track,77,e-,-1,1,-189.120963,19.809748,-428.073067,25.2944 ns ,1.3843 keV,eIoni,0.035315,-0.000374,0.013013
track,76,e-,-1,0,-179.760514,19.659746,-457.603515,25.1895 ns ,0 eV ,None,0.010682,0.037748,0.004708
track,76,e-,-1,1,-179.748558,19.699877,-457.600389,25.1913 ns ,1.52527 keV,eIoni,0.010682,0.037748,0.004708
track,75,e-,-1,0,-168.867587,19.479391,-494.112768,25.0624 ns ,0 eV ,None,-0.023562,0.034749,-0.005131
track,75,e-,-1,1,-168.897337,19.522528,-494.113611,25.0645 ns ,1.74749 keV,eIoni,-0.023562,0.034749,-0.005131
track,74,e-,-1,0,-131.892266,18.674229,-645.911416,24.5411 ns ,0 eV ,None,0.040870,0.019344,0.010220
track,74,e-,-1,1,-131.828119,18.703947,-645.910470,24.5437 ns ,2.09843 keV,eIoni,0.040870,0.019344,0.010220
track,73,e-,-1,0,-113.949857,18.072574,-750.497403,24.1871 ns ,0 eV ,None,-0.043290,0.000602,-0.004330
track,73,e-,-1,1,-114.006834,18.073372,-750.491750,24.1893 ns ,1.84903 keV,eIoni,-0.043290,0.000602,-0.004330
track,72,e-,-1,0,-103.669999,17.571929,-836.089706,23.8995 ns ,0 eV ,None,0.005997,0.033708,0.001538
track,72,e-,-1,1,-103.665277,17.597932,-836.089063,23.9008 ns ,1.148 keV,eIoni,0.005997,0.033708,0.001538
track,71,e-,-1,0,-101.233894,17.410886,-863.141229,23.8089 ns ,0 eV ,None,-0.004677,0.041741,0.001089
track,71,e-,-1,1,-101.239245,17.461921,-863.138891,23.811 ns ,1.72447 keV,eIoni,-0.004677,0.041741,0.001089
track,70,e-,-1,0,-98.693832,17.202088,-897.485503,23.694 ns ,0 eV ,None,-0.022632,0.104630,0.009069
track,70,e-,-1,1,-98.610107,18.414275,-897.348749,23.7142 ns ,4.73635 keV,eIoni,-0.022632,0.104630,0.009069
track,70,e-,-1,2,-98.297081,18.681442,-897.553767,23.725 ns ,6.43506 keV,eIoni,-0.022632,0.104630,0.009069
track,69,e-,-1,0,-95.529280,16.770217,-964.846546,23.469 ns ,0 eV ,None,0.046847,-0.022402,0.004156
track,69,e-,-1,1,-95.437166,16.724584,-964.866842,23.4725 ns ,2.64847 keV,eIoni,0.046847,-0.022402,0.004156
track,68,e-,-1,0,-93.672853,16.002516,-1088.239817,23.0574 ns ,0 eV ,None,-0.029688,-0.014546,0.000769
track,68,e-,-1,1,-93.694011,15.992149,-1088.239269,23.0586 ns ,1.06888 keV,eIoni,-0.029688,-0.014546,0.000769
track,67,e-,-1,0,-92.231795,15.340853,-1200.115095,22.6842 ns ,0 eV ,None,-0.008117,0.034518,0.000929
track,67,e-,-1,1,-92.238558,15.369612,-1200.114320,22.6856 ns ,1.2297 keV,eIoni,-0.008117,0.034518,0.000929
track,66,e-,-1,0,-92.201670,15.327094,-1202.502035,22.6762 ns ,0 eV ,None,-0.062453,0.016881,0.003199
track,66,e-,-1,1,-92.309702,15.356294,-1202.496501,22.6792 ns ,321.889 eV ,eIoni,-0.062453,0.016881,0.003199
track,66,e-,-1,2,-92.217018,15.315734,-1202.532388,22.6827 ns ,2.66611 keV,eIoni,-0.062453,0.016881,0.003199
track,219,e-,-1,0,-92.309702,15.356294,-1202.496501,22.6792 ns ,0 eV ,None,-0.016805,-0.019482,-0.021550
track,219,e-,-1,1,-92.322076,15.341949,-1202.512368,22.6804 ns ,1.10093 keV,eIoni,-0.016805,-0.019482,-0.021550
track,65,e-,-1,0,-91.848635,15.166286,-1230.254338,22.5836 ns ,0 eV ,None,-0.043953,0.012833,0.001408
track,65,e-,-1,1,-91.914291,15.185455,-1230.252234,22.5862 ns ,2.04922 keV,eIoni,-0.043953,0.012833,0.001408
track,64,e-,-1,0,-90.226324,14.445657,-1353.955721,22.171 ns ,0 eV ,None,-0.011814,-0.079345,0.006599
track,64,e-,-1,1,-90.298564,13.960494,-1353.915373,22.1815 ns ,4.89073 keV,eIoni,-0.011814,-0.079345,0.006599
track,64,e-,-1,2,-90.317443,13.982889,-1353.937864,22.1832 ns ,1.40965 keV,eIoni,-0.011814,-0.079345,0.006599
track,63,e-,-1,0,-89.917250,14.314791,-1377.221589,22.0934 ns ,0 eV ,None,0.045271,-0.024044,0.003308
track,63,e-,-1,1,-89.828157,14.267473,-1377.215079,22.0967 ns ,2.57521 keV,eIoni,0.045271,-0.024044,0.003308
track,62,e-,-1,0,-87.765348,13.416521,-1539.094963,21.5533 ns ,0 eV ,None,-0.048626,-0.066360,0.006319
track,62,e-,-1,1,-88.082245,12.984056,-1539.053780,21.5646 ns ,3.03724 keV,eIoni,-0.048626,-0.066360,0.006319
track,62,e-,-1,2,-87.966226,12.884193,-1538.959692,21.5697 ns ,3.58141 keV,eIoni,-0.048626,-0.066360,0.006319
track,61,e-,-1,0,-86.414679,12.854418,-1641.531134,21.2116 ns ,0 eV ,None,0.022155,-0.041785,0.002723
track,61,e-,-1,1,-86.378840,12.786822,-1641.526729,21.2144 ns ,2.19126 keV,eIoni,0.022155,-0.041785,0.002723
track,60,e-,-1,0,-83.939480,11.670733,-1836.685280,20.5606 ns ,0 eV ,None,0.021331,0.060508,0.003917
track,60,e-,-1,1,-83.866157,11.878718,-1836.671818,20.5665 ns ,4.02677 keV,eIoni,0.021331,0.060508,0.003917
track,59,e-,-1,0,-83.523587,11.456537,-1869.865911,20.4499 ns ,0 eV ,None,-0.018962,-0.036485,0.001648
track,59,e-,-1,1,-83.545696,11.413997,-1869.863990,20.4519 ns ,1.65427 keV,eIoni,-0.018962,-0.036485,0.001648
track,58,e-,-1,0,-78.121147,9.425658,-2306.772625,18.9924 ns ,0 eV ,None,-0.000664,0.040214,0.001414
track,58,e-,-1,1,-78.121883,9.470233,-2306.771058,18.9943 ns ,1.58233 keV,eIoni,-0.000664,0.040214,0.001414
track,57,e-,-1,0,-77.503039,9.213271,-2357.271000,18.824 ns ,0 eV ,None,-0.015582,0.034604,0.001065
track,57,e-,-1,1,-77.518174,9.246882,-2357.269965,18.8256 ns ,1.4084 keV,eIoni,-0.015582,0.034604,0.001065
track,56,e-,-1,0,-77.007980,9.033267,-2397.909635,18.6884 ns ,0 eV ,None,-0.019800,-0.026227,0.000931
track,56,e-,-1,1,-77.021910,9.014815,-2397.908980,18.6896 ns ,1.05643 keV,eIoni,-0.019800,-0.026227,0.000931
track,55,e-,-1,0,-71.381232,7.230534,-2851.560587,17.175 ns ,0 eV ,None,0.032571,-0.003838,0.001485
track,55,e-,-1,1,-71.358386,7.227842,-2851.559546,17.1762 ns ,1.05349 keV,eIoni,0.032571,-0.003838,0.001485
track,54,e-,-1,0,-68.871237,6.567149,-3045.037542,16.5296 ns ,0 eV ,None,-0.113536,-0.034784,0.012375
track,54,e-,-1,1,-70.274476,6.137239,-3044.884598,16.5512 ns ,3.63842 keV,eIoni,-0.113536,-0.034784,0.012375
track,54,e-,-1,2,-71.075612,6.566460,-3044.808642,16.5676 ns ,5.57754 keV,eIoni,-0.113536,-0.034784,0.012375
track,54,e-,-1,3,-71.152410,6.695556,-3044.731303,16.5725 ns ,3.45802 keV,eIoni,-0.113536,-0.034784,0.012375
track,220,e-,-1,0,-70.274476,6.137239,-3044.884598,16.5512 ns ,0 eV ,None,-0.010240,-0.022804,0.022084
track,220,e-,-1,1,-70.281914,6.120674,-3044.868556,16.5525 ns ,1.0875 keV,eIoni,-0.010240,-0.022804,0.022084
track,53,e-,-1,0,-66.994428,6.135373,-3185.032893,16.0626 ns ,0 eV ,None,0.035275,-0.034855,0.002997
track,53,e-,-1,1,-66.930434,6.072141,-3185.027456,16.0657 ns ,2.40941 keV,eIoni,0.035275,-0.034855,0.002997
track,52,e-,-1,0,-66.813485,6.093741,-3198.440843,16.0179 ns ,0 eV ,None,-0.062569,0.003707,0.002982
track,52,e-,-1,1,-67.015903,6.105735,-3198.431195,16.0234 ns ,3.83839 keV,eIoni,-0.062569,0.003707,0.002982
track,51,e-,-1,0,-66.337657,5.983278,-3233.506516,15.9009 ns ,0 eV ,None,0.156380,0.030647,0.026945
track,51,e-,-1,1,-62.940038,6.649132,-3232.921092,15.9397 ns ,2.54162 keV,eIoni,0.156380,0.030647,0.026945
track,51,e-,-1,2,-62.229932,8.555258,-3230.661183,15.9751 ns ,3.6877 keV,eIoni,0.156380,0.030647,0.026945
track,51,e-,-1,3,-61.824190,7.250064,-3228.676015,16.0056 ns ,3.53455 keV,eIoni,0.156380,0.030647,0.026945
track,51,e-,-1,4,-60.057187,6.721627,-3228.493273,16.0315 ns ,5.19305 keV,eIoni,0.156380,0.030647,0.026945
track,51,e-,-1,5,-59.844537,6.727819,-3228.608292,16.0357 ns ,484.549 eV ,eIoni,0.156380,0.030647,0.026945
track,51,e-,-1,6,-58.928597,6.865351,-3228.947187,16.053 ns ,6.75699 keV,eIoni,0.156380,0.030647,0.026945
track,51,e-,-1,7,-58.954427,6.973177,-3228.970459,16.0566 ns ,2.75025 keV,eIoni,0.156380,0.030647,0.026945
track,50,e-,-1,0,-65.374697,5.759177,-3306.012940,15.659 ns ,0 eV ,None,-0.000941,-0.037247,0.001455
track,50,e-,-1,1,-65.375574,5.724446,-3306.011584,15.6606 ns ,1.35858 keV,eIoni,-0.000941,-0.037247,0.001455
track,49,e-,-1,0,-64.685057,5.611623,-3358.368115,15.4844 ns ,0 eV ,None,0.034829,-0.017966,0.002008
track,49,e-,-1,1,-64.648599,5.592817,-3358.366013,15.4861 ns ,1.50452 keV,eIoni,0.034829,-0.017966,0.002008
track,48,e-,-1,0,-63.516330,5.362291,-3447.052418,15.1885 ns ,0 eV ,None,0.036682,0.023347,0.002270
track,48,e-,-1,1,-63.467654,5.393272,-3447.049406,15.1908 ns ,1.85167 keV,eIoni,0.036682,0.023347,0.002270
track,47,e-,-1,0,-62.011283,4.998617,-3561.576035,14.8065 ns ,0 eV ,None,-0.034503,0.016689,0.000933
track,47,e-,-1,1,-62.045545,5.015190,-3561.575109,14.8082 ns ,1.43616 keV,eIoni,-0.034503,0.016689,0.000933
track,46,e-,-1,0,-61.924788,4.976603,-3568.145961,14.7845 ns ,0 eV ,None,0.038836,-0.001927,0.002000
track,46,e-,-1,1,-61.884850,4.974622,-3568.143905,14.7863 ns ,1.48117 keV,eIoni,0.038836,-0.001927,0.002000
track,45,e-,-1,0,-61.678675,4.913946,-3586.866763,14.7221 ns ,0 eV ,None,-0.046316,-0.055380,0.004672
track,45,e-,-1,1,-61.893880,4.656627,-3586.845052,14.7301 ns ,5.09583 keV,eIoni,-0.046316,-0.055380,0.004672
track,44,e-,-1,0,-59.776112,4.618519,-3744.034927,14.1978 ns ,0 eV ,None,-0.130890,0.030488,0.016010
track,44,e-,-1,1,-61.935512,5.121506,-3743.770797,14.2269 ns ,2.86169 keV,eIoni,-0.130890,0.030488,0.016010
track,44,e-,-1,2,-63.315188,6.171139,-3743.331953,14.2522 ns ,3.11411 keV,eIoni,-0.130890,0.030488,0.016010
track,44,e-,-1,3,-62.393443,6.397555,-3742.419812,14.2732 ns ,4.44962 keV,eIoni,-0.130890,0.030488,0.016010
track,44,e-,-1,4,-62.130130,6.679249,-3742.660712,14.2823 ns ,1.50703 keV,eIoni,-0.130890,0.030488,0.016010
track,44,e-,-1,5,-62.281472,6.837832,-3742.582213,14.2884 ns ,4.14778 keV,eIoni,-0.130890,0.030488,0.016010
track,221,e-,-1,0,-62.130130,6.679249,-3742.660712,14.2823 ns ,0 eV ,None,-0.013277,-0.025893,0.027003
track,221,e-,-1,1,-62.144396,6.651425,-3742.631697,14.2841 ns ,1.53965 keV,eIoni,-0.013277,-0.025893,0.027003
track,43,e-,-1,0,-58.432307,4.449130,-3854.692194,13.8287 ns ,0 eV ,None,-0.033652,0.022346,0.001148
track,43,e-,-1,1,-58.469961,4.474132,-3854.690910,13.8306 ns ,1.59546 keV,eIoni,-0.033652,0.022346,0.001148
track,42,e-,-1,0,-55.876175,4.128974,-4063.645738,13.1316 ns ,0 eV ,None,0.012088,0.032599,0.001283
track,42,e-,-1,1,-55.866531,4.154979,-4063.644715,13.133 ns ,1.18302 keV,eIoni,0.012088,0.032599,0.001283
track,41,e-,-1,0,-55.294717,4.057727,-4112.102885,12.97 ns ,0 eV ,None,0.042028,0.013107,0.002383
track,41,e-,-1,1,-55.237311,4.075630,-4112.099629,12.9723 ns ,1.89846 keV,eIoni,0.042028,0.013107,0.002383
track,40,e-,-1,0,-54.984622,4.024671,-4137.491747,12.8853 ns ,0 eV ,None,0.015138,-0.069155,0.005179
track,40,e-,-1,1,-54.917636,3.718662,-4137.468831,12.8929 ns ,4.90633 keV,eIoni,0.015138,-0.069155,0.005179
track,39,e-,-1,0,-54.373081,3.966206,-4187.421979,12.7187 ns ,0 eV ,None,-0.035122,-0.024145,0.001376
track,39,e-,-1,1,-54.417503,3.935667,-4187.420239,12.7209 ns ,1.77619 keV,eIoni,-0.035122,-0.024145,0.001376
track,38,e-,-1,0,-54.288038,3.958113,-4194.374023,12.6955 ns ,0 eV ,None,0.013704,-0.029622,0.001244
track,38,e-,-1,1,-54.278533,3.937567,-4194.373160,12.6967 ns ,1.0428 keV,eIoni,0.013704,-0.029622,0.001244
track,37,e-,-1,0,-52.526612,3.783717,-4336.449711,12.2216 ns ,0 eV ,None,0.011661,0.036647,0.001546
track,37,e-,-1,1,-52.514929,3.820431,-4336.448162,12.2233 ns ,1.44742 keV,eIoni,0.011661,0.036647,0.001546
track,36,e-,-1,0,-52.442536,3.775199,-4343.292360,12.1987 ns ,0 eV ,None,-0.005290,-0.055362,0.003027
track,36,e-,-1,1,-52.455244,3.642195,-4343.285089,12.2029 ns ,3.02631 keV,eIoni,-0.005290,-0.055362,0.003027
track,35,e-,-1,0,-49.549751,3.479748,-4571.526435,11.4374 ns ,0 eV ,None,0.031650,0.016251,0.001624
track,35,e-,-1,1,-49.523141,3.493411,-4571.525070,11.4388 ns ,1.23965 keV,eIoni,0.031650,0.016251,0.001624
track,34,gamma,0,0,-47.030930,3.148032,-4763.049949,10.7985 ns ,0 eV ,None,-1.294631,0.317728,110.049823
track,34,gamma,0,1,-50.007822,3.878618,-4510.000000,11.6426 ns ,0 eV ,Transportation,-1.294631,0.317728,110.049823
track,34,gamma,0,2,-50.124286,3.907201,-4500.100000,11.6756 ns ,0 eV ,Transportation,-1.294631,0.317728,110.049823
track,34,gamma,0,3,-50.126639,3.907778,-4499.900000,11.6763 ns ,0 eV ,Transportation,-1.294631,0.317728,110.049823
track,34,gamma,0,4,-50.243103,3.936361,-4490.000000,11.7093 ns ,0 eV ,Transportation,-1.294631,0.317728,110.049823
track,34,gamma,0,5,-55.889846,5.322180,-4010.000000,13.3105 ns ,0 eV ,Transportation,-1.294631,0.317728,110.049823
track,34,gamma,0,6,-56.006310,5.350763,-4000.100000,13.3436 ns ,0 eV ,Transportation,-1.294631,0.317728,110.049823
track,34,gamma,0,7,-56.008663,5.351340,-3999.900000,13.3442 ns ,0 eV ,Transportation,-1.294631,0.317728,110.049823
track,34,gamma,0,8,-56.125127,5.379923,-3990.000000,13.3773 ns ,0 eV ,Transportation,-1.294631,0.317728,110.049823
track,34,gamma,0,9,-79.535583,11.125300,-2000.000000,20.0157 ns ,0 eV ,Transportation,-1.294631,0.317728,110.049823
track,34,gamma,0,10,-91.348817,14.024496,-995.818956,23.3655 ns ,0 eV ,Transportation,-1.294631,0.317728,110.049823
track,34,gamma,0,11,-114.750018,19.767602,993.394400,30.0013 ns ,0 eV ,Transportation,-1.294631,0.317728,110.049823
track,34,gamma,0,12,-122.606865,21.695823,1661.263701,32.2292 ns ,0 eV ,Transportation,-1.294631,0.317728,110.049823
track,34,gamma,0,13,-135.964255,24.973984,2796.705342,36.0169 ns ,0 eV ,Transportation,-1.294631,0.317728,110.049823
track,34,gamma,0,14,-136.097829,25.006766,2808.059758,36.0548 ns ,0 eV ,Transportation,-1.294631,0.317728,110.049823
track,34,gamma,0,15,-136.100527,25.007428,2808.289140,36.0556 ns ,0 eV ,Transportation,-1.294631,0.317728,110.049823
track,34,gamma,0,16,-136.234101,25.040210,2819.643556,36.0935 ns ,0 eV ,Transportation,-1.294631,0.317728,110.049823
track,34,gamma,0,17,-153.242326,29.214356,4265.423494,40.9164 ns ,0 eV ,Transportation,-1.294631,0.317728,110.049823
track,34,gamma,0,18,-220.704159,45.770791,10000.000000,60.0463 ns ,0 eV ,Transportation,-1.294631,0.317728,110.049823
track,33,e-,-1,0,-46.583280,3.076089,-4797.327614,10.6841 ns ,0 eV ,None,-0.011109,0.037567,0.001278
track,33,e-,-1,1,-46.594877,3.115310,-4797.326280,10.6859 ns ,1.50106 keV,eIoni,-0.011109,0.037567,0.001278
track,32,e-,-1,0,-46.075603,2.996989,-4836.465140,10.5536 ns ,0 eV ,None,0.023985,-0.026529,0.001613
track,32,e-,-1,1,-46.055202,2.974423,-4836.463768,10.555 ns ,1.25251 keV,eIoni,0.023985,-0.026529,0.001613
track,31,e-,-1,0,-45.328510,2.884968,-4894.368828,10.3604 ns ,0 eV ,None,-0.014476,-0.031215,0.001032
track,31,e-,-1,1,-45.339787,2.860651,-4894.368024,10.3617 ns ,1.15816 keV,eIoni,-0.014476,-0.031215,0.001032
track,30,gamma,0,0,-44.366250,2.741841,-4968.330780,10.1137 ns ,0 eV ,None,-4.150264,0.059045,320.926065
track,30,gamma,0,1,-50.293453,2.826166,-4510.000000,11.6426 ns ,0 eV ,Transportation,-4.150264,0.059045,320.926065
track,30,gamma,0,2,-50.421481,2.827988,-4500.100000,11.6756 ns ,0 eV ,Transportation,-4.150264,0.059045,320.926065
track,30,gamma,0,3,-50.424067,2.828024,-4499.900000,11.6763 ns ,0 eV ,Transportation,-4.150264,0.059045,320.926065
track,30,gamma,0,4,-50.552096,2.829846,-4490.000000,11.7093 ns ,0 eV ,Transportation,-4.150264,0.059045,320.926065
track,30,gamma,0,5,-56.759528,2.918158,-4010.000000,13.3106 ns ,0 eV ,Transportation,-4.150264,0.059045,320.926065
track,30,gamma,0,6,-56.887556,2.919979,-4000.100000,13.3436 ns ,0 eV ,Transportation,-4.150264,0.059045,320.926065
track,30,gamma,0,7,-56.890143,2.920016,-3999.900000,13.3443 ns ,0 eV ,Transportation,-4.150264,0.059045,320.926065
track,30,gamma,0,8,-57.018171,2.921837,-3990.000000,13.3773 ns ,0 eV ,Transportation,-4.150264,0.059045,320.926065
track,30,gamma,0,9,-82.753151,3.287964,-2000.000000,20.0158 ns ,0 eV ,Transportation,-4.150264,0.059045,320.926065
track,30,gamma,0,10,-95.744714,3.472793,-995.405922,23.367 ns ,0 eV ,Transportation,-4.150264,0.059045,320.926065
track,30,gamma,0,11,-121.453869,3.838552,992.597077,29.9988 ns ,0 eV ,Transportation,-4.150264,0.059045,320.926065
track,30,gamma,0,12,-130.045626,3.960785,1656.968931,32.2151 ns ,0 eV ,Transportation,-4.150264,0.059045,320.926065
track,30,gamma,0,13,-144.719499,4.169548,2791.650499,36.0003 ns ,0 eV ,Transportation,-4.150264,0.059045,320.926065
track,30,gamma,0,14,-144.866238,4.171635,2802.997315,36.0382 ns ,0 eV ,Transportation,-4.150264,0.059045,320.926065
track,30,gamma,0,15,-144.869202,4.171677,2803.226543,36.0389 ns ,0 eV ,Transportation,-4.150264,0.059045,320.926065
track,30,gamma,0,16,-145.015941,4.173765,2814.573359,36.0768 ns ,0 eV ,Transportation,-4.150264,0.059045,320.926065
track,30,gamma,0,17,-164.019964,4.444132,4284.090910,40.979 ns ,0 eV ,Transportation,-4.150264,0.059045,320.926065
track,30,gamma,0,18,-237.938963,5.495763,10000.000000,60.0468 ns ,0 eV ,Transportation,-4.150264,0.059045,320.926065
track,29,e-,-1,0,-44.008795,2.703742,-4995.843523,10.0219 ns ,0 eV ,None,0.025445,-0.304526,0.092198
track,29,e-,-1,1,-45.152361,-9.576708,-4992.235172,10.1016 ns ,7.59552 keV,eIoni,0.025445,-0.304526,0.092198
track,29,e-,-1,2,-45.178324,-9.776401,-4992.238225,10.103 ns ,0 eV ,eIoni,0.025445,-0.304526,0.092198
track,29,e-,-1,3,-47.207878,-14.965911,-4990.154843,10.1408 ns ,5.02635 keV,eIoni,0.025445,-0.304526,0.092198
track,29,e-,-1,4,-47.456981,-15.350994,-4990.000000,10.1441 ns ,433.075 eV ,Transportation,0.025445,-0.304526,0.092198
track,29,e-,-1,5,-54.217620,-32.061549,-4986.698079,10.2678 ns ,7.59771 keV,eIoni,0.025445,-0.304526,0.092198
track,29,e-,-1,6,-55.328481,-46.190609,-4986.461692,10.3691 ns ,6.8623 keV,eIoni,0.025445,-0.304526,0.092198
track,29,e-,-1,7,-62.894758,-55.153412,-4988.242986,10.4597 ns ,6.55456 keV,eIoni,0.025445,-0.304526,0.092198
track,29,e-,-1,8,-63.431340,-64.293891,-4984.213420,10.5376 ns ,7.58194 keV,eIoni,0.025445,-0.304526,0.092198
track,29,e-,-1,9,-65.388046,-67.751036,-4980.096862,10.5847 ns ,5.04838 keV,eIoni,0.025445,-0.304526,0.092198
track,29,e-,-1,10,-66.544578,-72.777222,-4980.220588,10.6302 ns ,3.46866 keV,eIoni,0.025445,-0.304526,0.092198
track,29,e-,-1,11,-66.358934,-73.076229,-4980.253845,10.6341 ns ,27.1805 eV ,eIoni,0.025445,-0.304526,0.092198
track,29,e-,-1,12,-65.879197,-76.241552,-4980.319888,10.6706 ns ,4.19233 keV,eIoni,0.025445,-0.304526,0.092198
track,29,e-,-1,13,-64.136716,-77.444795,-4981.598577,10.7016 ns ,3.58182 keV,eIoni,0.025445,-0.304526,0.092198
track,29,e-,-1,14,-63.986547,-77.575325,-4983.493611,10.728 ns ,4.60569 keV,eIoni,0.025445,-0.304526,0.092198
track,29,e-,-1,15,-62.919821,-78.125871,-4983.383170,10.7478 ns ,6.37459 keV,eIoni,0.025445,-0.304526,0.092198
track,29,e-,-1,16,-63.042593,-78.321328,-4983.235713,10.7547 ns ,4.54437 keV,eIoni,0.025445,-0.304526,0.092198
track,228,e-,-1,0,-66.358934,-73.076229,-4980.253845,10.6341 ns ,0 eV ,None,0.046883,0.007088,-0.017091
track,228,e-,-1,1,-66.270849,-73.062912,-4980.285957,10.6373 ns ,2.47962 keV,eIoni,0.046883,0.007088,-0.017091
track,227,e-,-1,0,-66.544578,-72.777222,-4980.220588,10.6302 ns ,0 eV ,None,-0.056655,-0.025506,-0.006829
track,227,e-,-1,1,-66.726077,-72.858933,-4980.242465,10.6357 ns ,3.80872 keV,eIoni,-0.056655,-0.025506,-0.006829
track,226,e-,-1,0,-65.388046,-67.751036,-4980.096862,10.5847 ns ,0 eV ,None,-0.000492,0.013550,0.054907
track,226,e-,-1,1,-65.389275,-67.717222,-4979.959838,10.589 ns ,3.12027 keV,eIoni,-0.000492,0.013550,0.054907
track,225,e-,-1,0,-55.328481,-46.190609,-4986.461692,10.3691 ns ,0 eV ,None,0.015905,-0.024734,0.026106
track,225,e-,-1,1,-55.311754,-46.216621,-4986.434236,10.3709 ns ,1.51076 keV,eIoni,0.015905,-0.024734,0.026106
track,224,e-,-1,0,-47.207878,-14.965911,-4990.154843,10.1408 ns ,0 eV ,None,-0.007517,0.019467,0.037775
track,224,e-,-1,1,-47.214417,-14.948979,-4990.121985,10.1423 ns ,1.81911 keV,eIoni,-0.007517,0.019467,0.037775
track,223,e-,-1,0,-45.178324,-9.776401,-4992.238225,10.103 ns ,0 eV ,None,0.037933,-0.011248,-0.016229
track,223,e-,-1,1,-45.145898,-9.786016,-4992.252098,10.1044 ns ,1.78631 keV,eIoni,0.037933,-0.011248,-0.016229
track,222,e-,-1,0,-45.152361,-9.576708,-4992.235172,10.1016 ns ,0 eV ,None,-0.053970,0.006701,0.024716
track,222,e-,-1,1,-45.246514,-9.565017,-4992.192054,10.1046 ns ,3.47991 keV,eIoni,-0.053970,0.006701,0.024716
track,28,e-,-1,0,-43.802375,2.688284,-5011.590612,9.96935 ns ,0 eV ,None,-0.043673,0.012916,0.001439
track,28,e-,-1,1,-43.866800,2.707337,-5011.588489,9.97187 ns ,2.02751 keV,eIoni,-0.043673,0.012916,0.001439
track,27,e-,-1,0,-43.594809,2.672969,-5027.279747,9.91701 ns ,0 eV ,None,-0.031079,0.045834,0.002541
track,27,e-,-1,1,-43.606590,2.690342,-5027.278784,9.91766 ns ,67.9747 eV ,eIoni,-0.031079,0.045834,0.002541
track,27,e-,-1,2,-43.654323,2.706658,-5027.276992,9.91972 ns ,1.70615 keV,eIoni,-0.031079,0.045834,0.002541
track,229,e-,-1,0,-43.606590,2.690342,-5027.278784,9.91766 ns ,0 eV ,None,0.010669,0.032403,-0.009415
track,229,e-,-1,1,-43.597747,2.717198,-5027.286587,9.91907 ns ,1.22399 keV,eIoni,0.010669,0.032403,-0.009415
track,26,e-,-1,0,-40.318315,2.511903,-5273.322489,9.09622 ns ,0 eV ,None,-0.015564,-0.028020,0.000792
track,26,e-,-1,1,-40.328683,2.493239,-5273.321961,9.09736 ns ,1.00487 keV,eIoni,-0.015564,-0.028020,0.000792
track,25,e-,-1,0,-39.164502,2.519456,-5359.284976,8.80946 ns ,0 eV ,None,0.011525,0.037181,0.001642
track,25,e-,-1,1,-39.152632,2.557749,-5359.283286,8.81122 ns ,1.48312 keV,eIoni,0.011525,0.037181,0.001642
track,24,e-,-1,0,-35.981118,2.500714,-5598.145104,8.01264 ns ,0 eV ,None,0.050201,-0.013170,0.003315
track,24,e-,-1,1,-35.879277,2.473996,-5598.138379,8.01611 ns ,2.63958 keV,eIoni,0.050201,-0.013170,0.003315
track,23,e-,-1,0,-35.036895,2.492493,-5668.925598,7.77652 ns ,0 eV ,None,-0.031870,0.007263,0.000618
track,23,e-,-1,1,-35.059046,2.497541,-5668.925169,7.7777 ns ,1.04474 keV,eIoni,-0.031870,0.007263,0.000618
track,22,e-,-1,0,-30.568418,2.477001,-5997.466784,6.68052 ns ,0 eV ,None,-0.044098,-0.022562,0.001803
track,22,e-,-1,1,-30.619576,2.450828,-5997.464693,6.68251 ns ,2.39842 keV,eIoni,-0.044098,-0.022562,0.001803
track,21,e-,-1,0,-30.331794,2.471636,-6014.833135,6.62259 ns ,0 eV ,None,-0.092241,0.022567,0.007537
track,21,e-,-1,1,-31.179436,2.679013,-6014.763878,6.63852 ns ,2.69696 keV,eIoni,-0.092241,0.022567,0.007537
track,21,e-,-1,2,-31.170929,3.059988,-6014.535481,6.64819 ns ,4.33848 keV,eIoni,-0.092241,0.022567,0.007537
track,21,e-,-1,3,-31.150700,3.106954,-6014.519697,6.65034 ns ,1.76785 keV,eIoni,-0.092241,0.022567,0.007537
track,20,e-,-1,0,-29.996556,2.460729,-6039.286640,6.54101 ns ,0 eV ,None,-0.007502,0.035057,0.001137
track,20,e-,-1,1,-30.002966,2.490678,-6039.285669,6.54247 ns ,1.25735 keV,eIoni,-0.007502,0.035057,0.001137
track,19,e-,-1,0,-29.864474,2.455680,-6048.921711,6.50887 ns ,0 eV ,None,0.068914,-0.052862,0.008366
track,19,e-,-1,1,-29.347494,2.059115,-6048.858952,6.52184 ns ,4.55089 keV,eIoni,0.068914,-0.052862,0.008366
track,19,e-,-1,2,-29.270450,2.038779,-6048.768989,6.52565 ns ,2.84526 keV,eIoni,0.068914,-0.052862,0.008366
track,18,e-,-1,0,-29.728492,2.451364,-6058.893431,6.4756 ns ,0 eV ,None,-0.025428,0.022696,0.000779
track,18,e-,-1,1,-29.747879,2.468668,-6058.892838,6.47691 ns ,1.136 keV,eIoni,-0.025428,0.022696,0.000779
track,17,e-,-1,0,-28.328069,2.395200,-6160.399950,6.13698 ns ,0 eV ,None,0.005186,0.037101,0.001419
track,17,e-,-1,1,-28.323173,2.430220,-6160.398611,6.13859 ns ,1.37329 keV,eIoni,0.005186,0.037101,0.001419
track,16,e-,-1,0,-24.746032,2.192762,-6420.924002,5.26788 ns ,0 eV ,None,-0.079100,0.046268,0.007070
track,16,e-,-1,1,-25.144572,2.425878,-6420.888379,5.27661 ns ,2.93223 keV,eIoni,-0.079100,0.046268,0.007070
track,16,e-,-1,2,-25.329078,2.543092,-6420.803514,5.28277 ns ,4.16426 keV,eIoni,-0.079100,0.046268,0.007070
track,230,e-,-1,0,-25.144572,2.425878,-6420.888379,5.27661 ns ,0 eV ,None,0.010418,0.027857,-0.015631
track,230,e-,-1,1,-25.136882,2.446442,-6420.899917,5.27787 ns ,1.1034 keV,eIoni,0.010418,0.027857,-0.015631
track,15,e-,-1,0,-21.992806,1.943807,-6606.409391,4.6491 ns ,0 eV ,None,-0.000022,0.064543,0.003967
track,15,e-,-1,1,-21.992883,2.169065,-6606.395547,4.6551 ns ,4.07534 keV,eIoni,-0.000022,0.064543,0.003967
track,14,e-,-1,0,-21.468507,1.885690,-6640.125995,4.53662 ns ,0 eV ,None,0.077402,0.151411,0.029285
track,14,e-,-1,1,-21.458716,1.904843,-6640.122290,4.53685 ns ,0 eV ,eIoni,0.077402,0.151411,0.029285
track,14,e-,-1,2,-20.172264,4.587420,-6638.388567,4.5752 ns ,4.30865 keV,eIoni,0.077402,0.151411,0.029285
track,14,e-,-1,3,-17.985118,6.117219,-6638.305082,4.60774 ns ,4.61459 keV,eIoni,0.077402,0.151411,0.029285
track,14,e-,-1,4,-17.443522,7.403208,-6639.634963,4.6343 ns ,6.95167 keV,eIoni,0.077402,0.151411,0.029285
track,14,e-,-1,5,-18.118930,7.737868,-6640.052652,4.65006 ns ,5.72718 keV,eIoni,0.077402,0.151411,0.029285
track,14,e-,-1,6,-18.079370,7.623864,-6640.103664,4.65412 ns ,2.98988 keV,eIoni,0.077402,0.151411,0.029285
track,231,e-,-1,0,-21.458716,1.904843,-6640.122290,4.53685 ns ,0 eV ,None,0.019479,0.025675,-0.053038
track,231,e-,-1,1,-21.397419,1.985636,-6640.289187,4.54225 ns ,3.75504 keV,eIoni,0.019479,0.025675,-0.053038
track,13,e-,-1,0,-17.802296,1.494300,-6875.229054,3.75231 ns ,0 eV ,None,-0.020161,-0.048489,0.002464
track,13,e-,-1,1,-17.844298,1.393282,-6875.223921,3.75588 ns ,2.69713 keV,eIoni,-0.020161,-0.048489,0.002464
track,12,e-,-1,0,-17.218313,1.430999,-6912.456160,3.62811 ns ,0 eV ,None,0.035534,0.064547,0.005764
track,12,e-,-1,1,-17.043900,1.747821,-6912.427867,3.63657 ns ,5.31698 keV,eIoni,0.035534,0.064547,0.005764
track,11,e-,-1,0,-15.279085,1.228241,-7035.525204,3.21755 ns ,0 eV ,None,-0.006299,-0.042113,0.001737
track,11,e-,-1,1,-15.287041,1.175053,-7035.523010,3.21971 ns ,1.77399 keV,eIoni,-0.006299,-0.042113,0.001737
track,10,e-,-1,0,-14.546699,1.162926,-7082.384776,3.06122 ns ,0 eV ,None,-0.021241,0.068020,0.004540
track,10,e-,-1,1,-14.642132,1.468525,-7082.364380,3.06896 ns ,4.96461 keV,eIoni,-0.021241,0.068020,0.004540
track,9,e-,-1,0,-13.108610,1.034985,-7173.740089,2.75646 ns ,0 eV ,None,0.041909,-0.006510,0.002442
track,9,e-,-1,1,-13.056063,1.026823,-7173.737027,2.7586 ns ,1.7628 keV,eIoni,0.041909,-0.006510,0.002442
track,8,e-,-1,0,-10.381818,0.822309,-7344.450347,2.18695 ns ,0 eV ,None,-0.008556,0.032002,0.000894
track,8,e-,-1,1,-10.387945,0.845223,-7344.449707,2.18818 ns ,1.07337 keV,eIoni,-0.008556,0.032002,0.000894
track,7,e-,-1,0,-10.327254,0.817778,-7347.839012,2.17565 ns ,0 eV ,None,0.172800,0.155695,0.055761
track,7,e-,-1,1,-2.404475,7.956286,-7345.282424,2.26194 ns ,6.04465 keV,eIoni,0.172800,0.155695,0.055761
track,7,e-,-1,2,-3.617633,16.372276,-7348.332013,2.33683 ns ,3.7617 keV,eIoni,0.172800,0.155695,0.055761
track,7,e-,-1,3,-2.907131,24.047053,-7346.507273,2.40495 ns ,4.13538 keV,eIoni,0.172800,0.155695,0.055761
track,7,e-,-1,4,-1.139236,25.600980,-7344.798329,2.4311 ns ,1.20927 keV,eIoni,0.172800,0.155695,0.055761
track,7,e-,-1,5,3.157828,29.184059,-7343.786682,2.48497 ns ,4.12251 keV,eIoni,0.172800,0.155695,0.055761
track,7,e-,-1,6,3.294992,32.346244,-7347.298589,2.53239 ns ,3.64636 keV,eIoni,0.172800,0.155695,0.055761
track,7,e-,-1,7,3.280106,32.362897,-7347.404778,2.53354 ns ,0 eV ,eIoni,0.172800,0.155695,0.055761
track,7,e-,-1,8,2.395948,32.340024,-7350.990284,2.5737 ns ,5.19654 keV,eIoni,0.172800,0.155695,0.055761
track,7,e-,-1,9,2.147845,32.616945,-7353.704448,2.60678 ns ,4.16952 keV,eIoni,0.172800,0.155695,0.055761
track,7,e-,-1,10,1.995483,33.237826,-7354.672978,2.62237 ns ,1.02495 keV,eIoni,0.172800,0.155695,0.055761
track,7,e-,-1,11,1.847150,34.594434,-7354.551604,2.64383 ns ,4.37572 keV,eIoni,0.172800,0.155695,0.055761
track,7,e-,-1,12,2.334422,34.663315,-7354.068716,2.65729 ns ,4.46725 keV,eIoni,0.172800,0.155695,0.055761
track,7,e-,-1,13,2.313946,34.654157,-7354.210788,2.66163 ns ,3.15421 keV,eIoni,0.172800,0.155695,0.055761
track,234,e-,-1,0,1.995483,33.237826,-7354.672978,2.62237 ns ,0 eV ,None,-0.007859,0.004815,-0.059174
track,234,e-,-1,1,1.972868,33.251683,-7354.843261,2.62731 ns ,3.49732 keV,eIoni,-0.007859,0.004815,-0.059174
track,233,e-,-1,0,3.280106,32.362897,-7347.404778,2.53354 ns ,0 eV ,None,0.018393,0.031251,-0.004947
track,233,e-,-1,1,3.296549,32.390834,-7347.409200,2.53507 ns ,1.30891 keV,eIoni,0.018393,0.031251,-0.004947
track,232,e-,-1,0,-1.139236,25.600980,-7344.798329,2.4311 ns ,0 eV ,None,-0.036445,0.041018,0.012687
track,232,e-,-1,1,-1.229235,25.702273,-7344.767000,2.43534 ns ,3.09402 keV,eIoni,-0.036445,0.041018,0.012687
track,6,e-,-1,0,-8.907301,0.679027,-7437.625994,1.87611 ns ,0 eV ,None,-0.019739,0.025128,0.000652
track,6,e-,-1,1,-8.920359,0.695650,-7437.625563,1.87724 ns ,998.515 eV ,eIoni,-0.019739,0.025128,0.000652
track,5,e-,-1,0,-3.997490,0.236465,-7746.003611,847.346 ps ,0 eV ,None,0.031510,0.023460,0.001985
track,5,e-,-1,1,-3.964327,0.261155,-7746.001523,849.146 ps ,1.51168 keV,eIoni,0.031510,0.023460,0.001985
track,4,e-,-1,0,-2.530988,0.109311,-7838.418507,539.044 ps ,0 eV ,None,0.035544,0.006426,0.001830
track,4,e-,-1,1,-2.500054,0.114904,-7838.416914,540.532 ps ,1.27824 keV,eIoni,0.035544,0.006426,0.001830
track,3,e-,-1,0,-2.105112,0.069602,-7865.437508,448.907 ps ,0 eV ,None,-0.034368,0.001615,0.000614
track,3,e-,-1,1,-2.131865,0.070859,-7865.437031,450.237 ps ,1.15738 keV,eIoni,-0.034368,0.001615,0.000614
track,2,e-,-1,0,-0.009550,0.000000,-7999.385299,2.05067 ps ,0 eV ,None,0.034567,0.011448,0.001837
track,2,e-,-1,1,0.021089,0.010147,-7999.383671,3.56533 ps ,1.29906 keV,eIoni,0.034567,0.011448,0.001837
